,Symbol,Date,Open,High,Low,Close,Vol
2,EBL,2011-03-20,,984.0,965.0,984.0,417.00
17,EBL,2011-03-24,,,,,27.00
33,EBL,2011-03-25,,,,,333.00
63,EBL,2011-03-28,,,960.0,998.0,324.00
78,EBL,2011-03-29,998.0,979.0,899.0,959.0,"1,637.00"
93,EBL,2011-03-30,959.0,989.0,951.0,989.0,97.00
107,EBL,2011-03-31,989.0,,955.0,,"1,474.00"
122,EBL,2011-04-04,,,,,79.00
137,EBL,2011-04-05,,998.0,960.0,998.0,647.00
150,EBL,2011-04-06,998.0,,960.0,,"1,165.00"
164,EBL,2011-04-07,,,980.0,,"1,478.00"
180,EBL,2011-04-10,,,,,"1,209.00"
196,EBL,2011-04-11,,,988.0,,"4,953.00"
212,EBL,2011-04-13,,,,,40.0
225,EBL,2011-04-17,,,,,234.00
239,EBL,2011-04-18,,,941.0,,452.00
251,EBL,2011-04-19,,,,,157.00
265,EBL,2011-04-20,,,930.0,932.0,772.00
279,EBL,2011-04-21,932.0,975.0,922.0,975.0,721.00
293,EBL,2011-04-25,975.0,975.0,956.0,956.0,120.00
304,EBL,2011-04-26,956.0,994.0,975.0,994.0,20.0
329,EBL,2011-04-28,994.0,,998.0,,483.00
357,EBL,2011-05-03,,,,,10.00
369,EBL,2011-05-04,,,927.0,950.0,428.00
383,EBL,2011-05-05,950.0,955.0,940.0,940.0,471.00
397,EBL,2011-05-08,940.0,977.0,958.0,958.0,101.00
411,EBL,2011-05-09,958.0,976.0,926.0,976.0,194.00
424,EBL,2011-05-10,976.0,,955.0,,576.00
439,EBL,2011-05-11,,990.0,951.0,990.0,285.00
452,EBL,2011-05-12,990.0,990.0,971.0,971.0,336.00
466,EBL,2011-05-15,971.0,,972.0,991.0,365.00
479,EBL,2011-05-16,991.0,,972.0,999.0,370.00
495,EBL,2011-05-18,999.0,984.0,950.0,984.0,423.00
511,EBL,2011-05-19,984.0,984.0,956.0,956.0,615.00
526,EBL,2011-05-22,956.0,998.0,936.0,998.0,475.00
540,EBL,2011-05-23,998.0,980.0,942.0,960.0,690.00
556,EBL,2011-05-24,960.0,959.0,930.0,944.0,792.00
569,EBL,2011-05-25,944.0,992.0,904.0,992.0,"2,304.00"
584,EBL,2011-05-26,992.0,973.0,973.0,973.0,91.00
598,EBL,2011-05-30,973.0,990.0,950.0,990.0,138.00
612,EBL,2011-05-31,990.0,,971.0,,32.00
628,EBL,2011-06-01,,999.0,980.0,980.0,166.00
645,EBL,2011-06-02,980.0,,,,103.00
660,EBL,2011-06-05,,,973.0,973.0,592.00
675,EBL,2011-06-06,973.0,954.0,876.0,895.0,"2,984.00"
690,EBL,2011-06-07,895.0,899.0,856.0,899.0,"1,046.00"
705,EBL,2011-06-08,899.0,901.0,855.0,901.0,"1,194.00"
721,EBL,2011-06-09,901.0,905.0,851.0,905.0,940.00
737,EBL,2011-06-12,905.0,920.0,910.0,920.0,20.00
766,EBL,2011-06-14,920.0,938.0,902.0,920.0,220.00
781,EBL,2011-06-15,920.0,902.0,828.0,828.0,402.00
796,EBL,2011-06-16,828.0,876.0,781.0,876.0,887.00
812,EBL,2011-06-19,876.0,946.0,893.0,925.0,941.00
827,EBL,2011-06-20,876.0,946.0,893.0,925.0,941.00
842,EBL,2011-06-21,,,975.0,,"2,336.00"
857,EBL,2011-06-23,,,,,"2,004.00"
874,EBL,2011-06-26,,,,,570.00
889,EBL,2011-06-27,,,977.0,977.0,222.00
903,EBL,2011-06-29,977.0,,927.0,,"1,286.00"
919,EBL,2011-06-30,,,948.0,,"1,395.00"
934,EBL,2011-07-03,,,,,12.00
950,EBL,2011-07-04,,,967.0,967.0,"1,136.00"
966,EBL,2011-07-05,967.0,986.0,930.0,980.0,"5,548.00"
982,EBL,2011-07-06,980.0,,950.0,988.0,"2,431.00"
998,EBL,2011-07-07,988.0,,970.0,970.0,119.00
1012,EBL,2011-07-10,970.0,,969.0,,534.00
1028,EBL,2011-07-11,,,980.0,980.0,342.00
1044,EBL,2011-07-12,980.0,,977.0,,"1,061.00"
1060,EBL,2011-07-13,,,,,447.00
1076,EBL,2011-07-14,,,995.0,,688.00
1091,EBL,2011-07-17,,,,,505.00
1106,EBL,2011-07-18,,,,,290.00
1123,EBL,2011-07-19,,,,,"1,097.00"
1140,EBL,2011-07-20,,,,,"2,734.00"
1157,EBL,2011-07-21,,,,,"1,522.00"
1174,EBL,2011-07-24,,,,,903.00
1190,EBL,2011-07-25,,,,,40.00
1205,EBL,2011-07-26,,,,,252.00
1221,EBL,2011-07-27,,,980.0,,"2,318.00"
1238,EBL,2011-07-28,,,,,490.00
1255,EBL,2011-07-31,,,,,347.00
1271,EBL,2011-08-01,,,,,116.00
1287,EBL,2011-08-02,,,981.0,,"1,032.00"
1304,EBL,2011-08-03,,,980.0,,453.00
1321,EBL,2011-08-04,,,990.0,,297.00
1338,EBL,2011-08-07,,,985.0,,218.00
1352,EBL,2011-08-08,,,962.0,970.0,"1,463.00"
1367,EBL,2011-08-09,970.0,972.0,951.0,972.0,"1,025.00"
1384,EBL,2011-08-10,972.0,,950.0,998.0,559.00
1401,EBL,2011-08-11,998.0,,983.0,995.0,221.00
1418,EBL,2011-08-15,995.0,,965.0,991.0,"1,352.00"
1435,EBL,2011-08-16,991.0,995.0,975.0,994.0,"1,000.00"
1450,EBL,2011-08-17,994.0,,960.0,975.0,"5,607.00"
1466,EBL,2011-08-18,975.0,,980.0,,638.00
1483,EBL,2011-08-22,,991.0,965.0,972.0,730.00
1498,EBL,2011-08-23,972.0,975.0,970.0,970.0,310.00
1514,EBL,2011-08-24,970.0,971.0,943.0,963.0,"1,217.00"
1529,EBL,2011-08-25,963.0,982.0,944.0,950.0,740.00
1545,EBL,2011-08-28,950.0,950.0,931.0,931.0,485.00
1562,EBL,2011-08-29,931.0,949.0,933.0,946.0,497.00
1578,EBL,2011-08-30,946.0,983.0,931.0,983.0,534.00
1595,EBL,2011-09-01,983.0,983.0,948.0,948.0,"1,177.00"
1610,EBL,2011-09-04,948.0,965.0,940.0,964.0,"1,168.00"
1626,EBL,2011-09-05,964.0,975.0,940.0,940.0,803.00
1641,EBL,2011-09-06,940.0,960.0,921.0,922.0,995.00
1655,EBL,2011-09-07,922.0,940.0,922.0,939.0,806.00
1670,EBL,2011-09-08,939.0,935.0,920.0,920.0,518.00
1684,EBL,2011-09-12,920.0,960.0,910.0,960.0,874.00
1701,EBL,2011-09-13,960.0,941.0,892.0,940.0,"1,650.00"
1718,EBL,2011-09-14,940.0,938.0,908.0,915.0,"1,689.00"
1735,EBL,2011-09-15,915.0,980.0,900.0,980.0,"3,778.00"
1779,EBL,2011-09-20,980.0,888.0,874.0,888.0,59.00
1796,EBL,2011-09-21,888.0,900.0,849.0,865.0,68.00
1812,EBL,2011-09-22,865.0,865.0,840.0,865.0,799.00
1829,EBL,2011-09-25,865.0,879.0,879.0,879.0,10.00
1846,EBL,2011-09-26,879.0,894.0,860.0,894.0,192.00
1863,EBL,2011-09-27,894.0,900.0,855.0,897.0,"1,161.00"
1879,EBL,2011-09-29,897.0,895.0,865.0,878.0,146.00
1895,EBL,2011-10-02,878.0,870.0,861.0,870.0,100.00
1906,EBL,2011-10-09,870.0,884.0,867.0,867.0,92.00
1914,EBL,2011-10-10,867.0,900.0,870.0,882.0,75.00
1927,EBL,2011-10-12,882.0,915.0,898.0,915.0,20.00
1942,EBL,2011-10-13,915.0,930.0,930.0,930.0,10.00
1958,EBL,2011-10-16,930.0,945.0,945.0,945.0,33.00
1988,EBL,2011-10-18,945.0,927.0,909.0,909.0,30.00
2004,EBL,2011-10-19,909.0,891.0,840.0,867.0,611.00
2020,EBL,2011-10-20,867.0,859.0,803.0,811.0,404.00
2036,EBL,2011-10-23,811.0,810.0,797.0,800.0,442.00
2050,EBL,2011-10-24,800.0,854.0,816.0,836.0,115.00
2065,EBL,2011-10-25,836.0,820.0,820.0,820.0,18.00
2081,EBL,2011-10-30,820.0,810.0,800.0,800.0,61.00
2093,EBL,2011-10-31,800.0,848.0,816.0,848.0,30.00
2108,EBL,2011-11-02,848.0,932.0,864.0,932.0,253.00
2123,EBL,2011-11-03,932.0,925.0,839.0,900.0,271.00
2140,EBL,2011-11-06,900.0,882.0,810.0,847.0,"2,635.00"
2155,EBL,2011-11-08,847.0,831.0,794.0,831.0,883.00
2171,EBL,2011-11-09,831.0,840.0,815.0,840.0,183.00
2187,EBL,2011-11-10,840.0,840.0,815.0,840.0,115.00
2203,EBL,2011-11-13,840.0,824.0,794.0,824.0,310.00
2219,EBL,2011-11-14,824.0,824.0,808.0,824.0,88.00
2236,EBL,2011-11-15,824.0,840.0,796.0,800.0,556.00
2250,EBL,2011-11-16,800.0,816.0,780.0,780.0,"2,053.00"
2265,EBL,2011-11-17,780.0,799.0,793.0,799.0,220.00
2282,EBL,2011-11-20,799.0,810.0,779.0,790.0,"1,442.00"
2299,EBL,2011-11-21,790.0,795.0,778.0,795.0,262.00
2316,EBL,2011-11-22,795.0,780.0,772.0,780.0,246.00
2332,EBL,2011-11-23,780.0,809.0,765.0,809.0,397.00
2347,EBL,2011-11-24,809.0,824.0,824.0,824.0,10.00
2362,EBL,2011-11-27,824.0,808.0,808.0,808.0,10.00
2378,EBL,2011-11-28,808.0,792.0,750.0,770.0,"2,606.00"
2393,EBL,2011-12-01,775.0,789.0,740.0,750.0,"6,000.00"
2407,EBL,2011-12-04,750.0,765.0,745.0,757.0,865.00
2423,EBL,2011-12-05,757.0,760.0,750.0,755.0,709.00
2439,EBL,2011-12-06,755.0,750.0,740.0,740.0,448.00
2452,EBL,2011-12-07,740.0,754.0,738.0,740.0,"1,336.00"
2467,EBL,2011-12-08,740.0,750.0,731.0,750.0,"1,593.00"
2481,EBL,2011-12-11,750.0,750.0,718.0,750.0,234.00
2497,EBL,2011-12-12,750.0,735.0,701.0,706.0,"1,687.00"
2510,EBL,2011-12-13,706.0,765.0,700.0,765.0,"1,505.00"
2550,EBL,2011-12-18,765.0,750.0,721.0,721.0,97.00
2560,EBL,2011-12-19,721.0,714.0,696.0,714.0,"1,627.00"
2573,EBL,2011-12-20,714.0,710.0,700.0,700.0,929.00
2587,EBL,2011-12-21,700.0,713.0,700.0,701.0,"1,564.00"
2601,EBL,2011-12-22,701.0,709.0,697.0,709.0,467.00
2616,EBL,2011-12-26,709.0,712.0,697.0,699.0,407.00
2631,EBL,2011-12-27,699.0,712.0,700.0,709.0,344.00
2647,EBL,2011-12-28,709.0,703.0,690.0,703.0,"4,771.00"
2663,EBL,2011-12-29,703.0,700.0,680.0,696.0,"6,854.00"
2679,EBL,2012-01-01,696.0,695.0,681.0,685.0,"6,914.00"
2694,EBL,2012-01-02,685.0,714.0,680.0,714.0,"9,126.00"
2710,EBL,2012-01-03,714.0,714.0,700.0,700.0,"4,018.00"
2726,EBL,2012-01-04,700.0,700.0,680.0,681.0,"18,324.00"
2742,EBL,2012-01-05,681.0,702.0,680.0,702.0,"5,733.00"
2758,EBL,2012-01-08,702.0,700.0,675.0,700.0,"9,151.00"
2774,EBL,2012-01-09,700.0,686.0,670.0,670.0,"12,252.00"
2790,EBL,2012-01-10,702.0,709.0,661.0,690.0,389.00
2803,EBL,2012-01-11,690.0,740.0,670.0,714.0,"1,369.00"
2819,EBL,2012-01-12,714.0,728.0,711.0,728.0,110.00
2835,EBL,2012-01-16,728.0,714.0,686.0,693.0,429.00
2845,EBL,2012-01-17,693.0,711.0,685.0,697.0,283.00
2857,EBL,2012-01-18,697.0,703.0,690.0,693.0,821.00
2870,EBL,2012-01-19,693.0,700.0,687.0,687.0,780.00
2881,EBL,2012-01-22,687.0,692.0,685.0,685.0,183.00
2894,EBL,2012-01-23,685.0,685.0,670.0,670.0,"3,838.00"
2909,EBL,2012-01-25,670.0,683.0,670.0,682.0,"1,151.00"
2922,EBL,2012-01-26,682.0,691.0,670.0,690.0,330.00
2936,EBL,2012-01-29,690.0,680.0,670.0,680.0,"3,345.00"
2950,EBL,2012-01-31,680.0,680.0,670.0,675.0,453.00
2964,EBL,2012-02-01,675.0,687.0,670.0,687.0,"1,427.00"
2979,EBL,2012-02-02,687.0,682.0,670.0,680.0,"2,007.00"
2993,EBL,2012-02-05,680.0,684.0,671.0,672.0,67.00
3008,EBL,2012-02-06,672.0,673.0,670.0,672.0,"1,677.00"
3023,EBL,2012-02-07,672.0,683.0,665.0,683.0,"1,337.00"
3038,EBL,2012-02-08,683.0,696.0,696.0,696.0,210.00
3052,EBL,2012-02-09,696.0,709.0,665.0,696.0,"1,552.00"
3064,EBL,2012-02-12,696.0,683.0,670.0,683.0,968.00
3079,EBL,2012-02-13,683.0,684.0,670.0,671.0,800.00
3094,EBL,2012-02-14,671.0,672.0,667.0,667.0,"6,670.00"
3109,EBL,2012-02-15,667.0,679.0,668.0,679.0,"1,229.00"
3124,EBL,2012-02-16,679.0,688.0,665.0,670.0,"2,457.00"
3139,EBL,2012-02-21,670.0,680.0,665.0,680.0,"1,290.00"
3154,EBL,2012-02-23,680.0,694.0,665.0,694.0,"3,286.00"
3170,EBL,2012-02-26,694.0,681.0,665.0,680.0,"4,064.00"
3185,EBL,2012-02-27,680.0,688.0,671.0,688.0,573.00
3200,EBL,2012-02-28,688.0,698.0,670.0,698.0,"3,642.00"
3214,EBL,2012-02-29,698.0,685.0,670.0,676.0,"2,794.00"
3230,EBL,2012-03-01,676.0,690.0,655.0,690.0,"33,581.00"
3245,EBL,2012-03-04,690.0,683.0,668.0,683.0,"1,949.00"
3260,EBL,2012-03-05,683.0,686.0,665.0,686.0,"6,761.00"
3276,EBL,2012-03-06,686.0,690.0,665.0,690.0,"3,519.00"
3293,EBL,2012-03-11,690.0,683.0,670.0,683.0,770.00
3308,EBL,2012-03-12,683.0,683.0,665.0,683.0,"1,930.00"
3324,EBL,2012-03-13,683.0,670.0,650.0,670.0,"152,797.00"
3341,EBL,2012-03-14,670.0,692.0,669.0,692.0,828.00
3357,EBL,2012-03-15,692.0,683.0,670.0,683.0,564.00
3373,EBL,2012-03-18,683.0,684.0,665.0,678.0,"4,530.00"
3390,EBL,2012-03-19,678.0,678.0,665.0,665.0,"4,922.00"
3406,EBL,2012-03-20,665.0,695.0,667.0,695.0,416.00
3423,EBL,2012-03-21,695.0,700.0,671.0,700.0,582.00
3439,EBL,2012-03-25,700.0,686.0,670.0,683.0,880.00
3456,EBL,2012-03-26,683.0,678.0,665.0,678.0,"8,350.00"
3473,EBL,2012-03-27,678.0,678.0,662.0,678.0,"5,611.00"
3490,EBL,2012-03-28,678.0,678.0,665.0,678.0,"4,252.00"
3505,EBL,2012-03-29,678.0,670.0,665.0,670.0,"4,310.00"
3521,EBL,2012-04-01,670.0,705.0,666.0,705.0,328.00
3538,EBL,2012-04-02,705.0,691.0,673.0,680.0,289.00
3555,EBL,2012-04-03,680.0,688.0,666.0,688.0,"3,949.00"
3572,EBL,2012-04-04,688.0,689.0,675.0,689.0,"2,384.00"
3588,EBL,2012-04-05,689.0,680.0,675.0,678.0,"10,316.00"
3603,EBL,2012-04-08,678.0,690.0,680.0,685.0,529.00
3619,EBL,2012-04-09,685.0,694.0,690.0,694.0,"3,029.00"
3636,EBL,2012-04-10,694.0,702.0,691.0,700.0,"3,405.00"
3653,EBL,2012-04-11,700.0,725.0,705.0,715.0,"3,502.00"
3670,EBL,2012-04-12,715.0,751.0,718.0,751.0,"4,129.00"
3687,EBL,2012-04-15,751.0,804.0,751.0,804.0,"6,854.00"
3704,EBL,2012-04-16,804.0,883.0,820.0,883.0,415.00
3719,EBL,2012-04-17,883.0,971.0,795.0,796.0,"15,765.00"
3736,EBL,2012-04-18,796.0,873.0,760.0,830.0,"11,617.00"
3753,EBL,2012-04-19,830.0,881.0,830.0,881.0,"3,226.00"
3770,EBL,2012-04-22,881.0,915.0,875.0,899.0,"10,422.00"
3787,EBL,2012-04-24,899.0,988.0,911.0,988.0,"1,848.00"
3803,EBL,2012-04-25,988.0,,,,"1,310.00"
3820,EBL,2012-04-26,,,978.0,,"15,702.00"
3837,EBL,2012-04-29,,,,,"9,521.00"
3854,EBL,2012-04-30,,,,,"14,923.00"
3869,EBL,2012-05-02,,983.0,904.0,909.0,"2,436.00"
3882,EBL,2012-05-03,909.0,999.0,927.0,999.0,"11,750.00"
3899,EBL,2012-05-07,999.0,,,,"3,386.00"
3915,EBL,2012-05-08,,,,,"13,100.00"
3932,EBL,2012-05-09,,,,,"8,023.00"
3949,EBL,2012-05-10,,,,,"7,737.00"
3965,EBL,2012-05-13,,,965.0,980.0,"3,325.00"
3981,EBL,2012-05-14,980.0,961.0,890.0,905.0,"9,168.00"
3998,EBL,2012-05-15,905.0,995.0,923.0,995.0,860.00
4027,EBL,2012-05-17,995.0,,,,"15,047.00"
4044,EBL,2012-05-20,,,,,"4,824.00"
4061,EBL,2012-05-21,,,,,"7,022.00"
4078,EBL,2012-05-22,,,,,"6,705.00"
4094,EBL,2012-05-23,,,935.0,960.0,"6,502.00"
4110,EBL,2012-05-24,960.0,,941.0,,"6,091.00"
4127,EBL,2012-05-27,,,,,"8,697.00"
4143,EBL,2012-05-29,,,,,20.00
4153,EBL,2012-05-30,,,944.0,944.0,91.00
4165,EBL,2012-05-31,944.0,934.0,850.0,917.0,"6,011.00"
4178,EBL,2012-06-03,917.0,,917.0,,"3,440.00"
4195,EBL,2012-06-04,,,971.0,991.0,"5,836.00"
4212,EBL,2012-06-05,991.0,972.0,938.0,958.0,"5,137.00"
4229,EBL,2012-06-06,958.0,953.0,911.0,953.0,"1,197.00"
4246,EBL,2012-06-07,953.0,974.0,935.0,957.0,"4,577.00"
4263,EBL,2012-06-10,957.0,938.0,900.0,908.0,"5,342.00"
4279,EBL,2012-06-11,908.0,955.0,922.0,929.0,"1,468.00"
4295,EBL,2012-06-12,929.0,955.0,912.0,955.0,267.00
4312,EBL,2012-06-13,955.0,952.0,930.0,948.0,410.00
4329,EBL,2012-06-14,948.0,948.0,930.0,947.0,257.00
4345,EBL,2012-06-17,947.0,929.0,910.0,927.0,"3,064.00"
4362,EBL,2012-06-18,927.0,927.0,910.0,922.0,"1,954.00"
4379,EBL,2012-06-19,922.0,915.0,900.0,905.0,"9,924.00"
4396,EBL,2012-06-20,905.0,923.0,900.0,916.0,"18,507.00"
4413,EBL,2012-06-21,916.0,918.0,900.0,918.0,"96,949.00"
4430,EBL,2012-06-25,918.0,941.0,911.0,939.0,"1,492.00"
4447,EBL,2012-06-26,939.0,935.0,900.0,926.0,"4,204.00"
4464,EBL,2012-06-27,926.0,949.0,915.0,940.0,"3,790.00"
4481,EBL,2012-06-28,940.0,955.0,936.0,946.0,"3,200.00"
4497,EBL,2012-07-01,946.0,950.0,930.0,938.0,"16,001.00"
4514,EBL,2012-07-02,938.0,949.0,930.0,944.0,"15,297.00"
4531,EBL,2012-07-03,944.0,944.0,939.0,940.0,"4,512.00"
4548,EBL,2012-07-04,940.0,963.0,933.0,954.0,"10,200.00"
4565,EBL,2012-07-05,954.0,953.0,940.0,952.0,"6,107.00"
4582,EBL,2012-07-08,952.0,952.0,941.0,950.0,"2,373.00"
4599,EBL,2012-07-09,950.0,965.0,950.0,965.0,"2,901.00"
4616,EBL,2012-07-10,965.0,985.0,965.0,985.0,"7,467.00"
4633,EBL,2012-07-11,985.0,990.0,974.0,980.0,"5,222.00"
4650,EBL,2012-07-12,980.0,994.0,975.0,981.0,"59,280.00"
4665,EBL,2012-07-15,981.0,,980.0,,"18,211.00"
4681,EBL,2012-07-16,,,970.0,995.0,"24,941.00"
4697,EBL,2012-07-17,995.0,997.0,978.0,990.0,"2,281.00"
4713,EBL,2012-07-18,990.0,,995.0,,"4,388.00"
4729,EBL,2012-07-19,,,,,"7,695.00"
4746,EBL,2012-07-22,,,,,"9,924.00"
4763,EBL,2012-07-23,,,,,"5,864.00"
4780,EBL,2012-07-24,,,,,"5,993.00"
4796,EBL,2012-07-25,,,,,"59,028.00"
4813,EBL,2012-07-26,,,,,"5,046.00"
4830,EBL,2012-07-29,,,,,"7,154.00"
4847,EBL,2012-07-30,,,,,"3,066.00"
4864,EBL,2012-07-31,,,,,"7,345.00"
4881,EBL,2012-08-01,,,,,"14,489.00"
4898,EBL,2012-08-05,,,,,"6,095.00"
4915,EBL,2012-08-06,,,,,"6,039.00"
4932,EBL,2012-08-07,,,,,"7,376.00"
4949,EBL,2012-08-08,,,,,"1,472.00"
4965,EBL,2012-08-12,,,,,"9,649.00"
4982,EBL,2012-08-13,,,,,"6,998.00"
4999,EBL,2012-08-14,,,,,"14,932.00"
5015,EBL,2012-08-15,,,,,"11,458.00"
5032,EBL,2012-08-16,,,,,"6,326.00"
5049,EBL,2012-08-19,,,,,"3,473.00"
5065,EBL,2012-08-21,,,,,"7,444.00"
5081,EBL,2012-08-22,,,,,"4,555.00"
5098,EBL,2012-08-23,,,,,"3,679.00"
5115,EBL,2012-08-26,,,,,"2,846.00"
5132,EBL,2012-08-27,,,,,"3,887.00"
5149,EBL,2012-08-28,,,,,"3,340.00"
5166,EBL,2012-08-29,,,,,"8,128.00"
5183,EBL,2012-08-30,,,,,"9,198.00"
5200,EBL,2012-09-02,,,,,"10,791.00"
5217,EBL,2012-09-03,,,,,"8,841.00"
5234,EBL,2012-09-04,,,,,"8,673.00"
5251,EBL,2012-09-05,,,,,"3,536.00"
5268,EBL,2012-09-06,,,,,"3,448.00"
5285,EBL,2012-09-09,,,,,"3,063.00"
5303,EBL,2012-09-10,,,,,"2,158.00"
5320,EBL,2012-09-11,,,,,"4,400.00"
5338,EBL,2012-09-12,,,,,"9,867.00"
5356,EBL,2012-09-13,,,,,"7,798.00"
5374,EBL,2012-09-16,,,,,"8,048.00"
5392,EBL,2012-09-17,,,,,"5,436.00"
5409,EBL,2012-09-18,,,,,"3,503.00"
5427,EBL,2012-09-19,,,,,"7,809.00"
5445,EBL,2012-09-20,,,,,"4,356.00"
5464,EBL,2012-09-23,,,,,"14,010.00"
5483,EBL,2012-09-24,,,,,"4,269.00"
5502,EBL,2012-09-25,,,,,"5,222.00"
5521,EBL,2012-09-26,,,,,"6,526.00"
5540,EBL,2012-09-30,,,,,"2,475.00"
5561,EBL,2012-10-01,,,,,"1,968.00"
5562,EBL,2012-10-01,,,,,"1,968.00"
5597,EBL,2012-10-02,,,,,"1,556.00"
5616,EBL,2012-10-03,,,,,"3,537.00"
5635,EBL,2012-10-04,,,,,"3,288.00"
5654,EBL,2012-10-07,,,,,"5,722.00"
5673,EBL,2012-10-08,,,,,"4,169.00"
5692,EBL,2012-10-09,,,,,"6,909.00"
5711,EBL,2012-10-10,,,,,"9,516.00"
5729,EBL,2012-10-11,,,,,"3,706.00"
5748,EBL,2012-10-12,,,,,"3,706.00"
5767,EBL,2012-10-14,,,,,"7,164.00"
5786,EBL,2012-10-15,,,,,"7,876.00"
5804,EBL,2012-10-17,,,,,"6,699.00"
5823,EBL,2012-10-18,,,,,"11,153.00"
5842,EBL,2012-10-30,,985.0,910.0,983.0,"2,400.00"
5861,EBL,2012-10-31,983.0,,995.0,,"4,204.00"
5880,EBL,2012-11-01,,,,,"1,546.00"
5899,EBL,2012-11-04,,,,,"1,752.00"
5918,EBL,2012-11-05,,,,,"3,601.00"
5937,EBL,2012-11-06,,,,,"1,901.00"
5956,EBL,2012-11-07,,,,,"2,338.00"
5975,EBL,2012-11-08,,,,,"6,088.00"
5994,EBL,2012-11-11,,,,,"4,239.00"
6013,EBL,2012-11-12,,,,,"2,862.00"
6032,EBL,2012-11-19,,,,,"3,635.00"
6051,EBL,2012-11-20,,,,,"3,478.00"
6070,EBL,2012-11-21,,,,,"4,575.00"
6089,EBL,2012-11-22,,,,,"3,674.00"
6108,EBL,2012-11-26,,,,,"3,653.00"
6127,EBL,2012-11-27,,,,,"2,035.00"
6146,EBL,2012-11-28,,,,,"2,723.00"
6165,EBL,2012-11-29,,,,,"5,155.00"
6184,EBL,2012-12-02,,,,,"3,634.00"
6202,EBL,2012-12-03,,,,,"2,400.00"
6220,EBL,2012-12-04,,,,,"4,003.00"
6239,EBL,2012-12-05,,,,,"6,400.00"
6258,EBL,2012-12-06,,,,,"2,785.00"
6277,EBL,2012-12-07,,,,,"2,785.00"
6296,EBL,2012-12-09,,,,,"2,886.00"
6315,EBL,2012-12-10,,,,,"3,889.00"
6334,EBL,2012-12-11,,,,,"2,463.00"
6353,EBL,2012-12-12,,,,,"2,189.00"
6372,EBL,2012-12-13,,,,,"2,939.00"
6391,EBL,2012-12-16,,,,,"15,378.00"
6410,EBL,2012-12-17,,,,,"13,805.00"
6430,EBL,2012-12-18,,,,,"4,300.00"
6450,EBL,2012-12-19,,,,,"4,300.00"
6470,EBL,2012-12-20,,,,,"7,954.00"
6490,EBL,2012-12-21,,,,,"9,128.00"
6510,EBL,2012-12-23,,,,,"5,578.00"
6530,EBL,2012-12-24,,,,,"4,096.00"
6550,EBL,2012-12-25,,,,,"4,096.00"
6570,EBL,2012-12-26,,,,,"6,009.00"
6590,EBL,2012-12-27,,,,,"6,982.00"
6610,EBL,2012-12-31,,,,,"4,964.00"
6630,EBL,2013-01-01,,,,,"5,369.00"
6650,EBL,2013-01-02,,,,,"6,181.00"
6670,EBL,2013-01-03,,,,,"4,971.00"
6690,EBL,2013-01-06,,,,,"19,711.00"
6710,EBL,2013-01-07,,,,,"12,992.00"
6730,EBL,2013-01-08,,,,,"1,306.00"
6749,EBL,2013-01-09,,,,,"2,910.00"
6769,EBL,2013-01-10,,,,,"4,705.00"
6789,EBL,2013-01-13,,,,,"9,114.00"
6809,EBL,2013-01-15,,,,,"5,580.00"
6829,EBL,2013-01-16,,,,,"4,790.00"
6849,EBL,2013-01-17,,,,,"3,520.00"
6869,EBL,2013-01-20,,,,,"6,191.00"
6888,EBL,2013-01-21,,,,,"3,243.00"
6908,EBL,2013-01-22,,,,,"3,243.00"
6928,EBL,2013-01-23,,,,,"2,950.00"
6948,EBL,2013-01-24,,,,,"3,751.00"
6967,EBL,2013-01-27,,,,,"3,612.00"
6987,EBL,2013-01-28,,,,,"3,166.00"
7007,EBL,2013-01-30,,,,,"10,804.00"
7027,EBL,2013-01-31,,,,,"2,679.00"
7047,EBL,2013-02-03,,,,,"3,916.00"
7067,EBL,2013-02-04,,,,,"2,782.00"
7087,EBL,2013-02-05,,,,,"3,752.00"
7107,EBL,2013-02-06,,,,,"2,461.00"
7126,EBL,2013-02-07,,,,,"1,580.00"
7146,EBL,2013-02-10,,,,,"5,040.00"
7166,EBL,2013-02-12,,,,,"7,433.00"
7186,EBL,2013-02-13,,,,,"4,644.00"
7206,EBL,2013-02-14,,,,,"8,931.00"
7226,EBL,2013-02-17,,,,,647.00
7245,EBL,2013-02-20,,,,,"7,152.00"
7265,EBL,2013-02-21,,,,,"5,779.00"
7285,EBL,2013-02-24,,,,,"3,053.00"
7304,EBL,2013-02-25,,,,,"3,053.00"
7323,EBL,2013-02-26,,,,,"10,309.00"
7343,EBL,2013-02-27,,,,,"3,750.00"
7363,EBL,2013-02-28,,,,,"2,037.00"
7383,EBL,2013-03-03,,,,,"6,263.00"
7404,EBL,2013-03-04,,,,,"7,242.00"
7425,EBL,2013-03-05,,,,,"2,952.00"
7446,EBL,2013-03-06,,,,,"4,885.00"
7467,EBL,2013-03-07,,,,,"4,394.00"
7488,EBL,2013-03-11,,,,,"4,034.00"
7509,EBL,2013-03-13,,,,,"4,679.00"
7530,EBL,2013-03-14,,,,,"6,609.00"
7551,EBL,2013-03-17,,,,,"7,080.00"
7572,EBL,2013-03-18,,,,,"4,041.00"
7593,EBL,2013-03-19,,,,,"6,732.00"
7614,EBL,2013-03-20,,,,,"3,106.00"
7635,EBL,2013-03-21,,,,,"3,253.00"
7656,EBL,2013-03-24,,,,,"4,682.00"
7677,EBL,2013-03-25,,,,,"4,682.00"
7698,EBL,2013-03-26,,,,,"5,823.00"
7719,EBL,2013-03-27,,,,,"1,647.00"
7740,EBL,2013-03-28,,,,,"2,902.00"
7760,EBL,2013-03-31,,,,,"6,568.00"
7781,EBL,2013-04-01,,,,,"6,568.00"
7802,EBL,2013-04-02,,,,,"2,653.00"
7823,EBL,2013-04-03,,,,,"4,273.00"
7843,EBL,2013-04-04,,,,,"3,778.00"
7864,EBL,2013-04-07,,,,,"1,576.00"
7885,EBL,2013-04-08,,,,,"3,147.00"
7906,EBL,2013-04-09,,,,,"3,367.00"
7926,EBL,2013-04-11,,,,,"3,221.00"
7947,EBL,2013-04-15,,,,,"6,352.00"
7968,EBL,2013-04-16,,,,,"2,833.00"
7989,EBL,2013-04-17,,,,,"3,703.00"
8009,EBL,2013-04-18,,,,,"3,721.00"
8030,EBL,2013-04-21,,,,,"10,680.00"
8051,EBL,2013-04-22,,,,,"11,762.00"
8071,EBL,2013-04-23,,,,,"5,506.00"
8092,EBL,2013-04-25,,,,,"1,427.00"
8113,EBL,2013-04-28,,,,,"4,716.00"
8134,EBL,2013-04-29,,,,,"2,458.00"
8154,EBL,2013-04-30,,,,,"12,260.00"
8175,EBL,2013-05-02,,,,,"3,186.00"
8196,EBL,2013-05-05,,,,,"4,133.00"
8217,EBL,2013-05-06,,,,,"3,756.00"
8237,EBL,2013-05-07,,,,,"1,455.00"
8258,EBL,2013-05-08,,,,,"2,379.00"
8279,EBL,2013-05-09,,,,,"1,848.00"
8299,EBL,2013-05-12,,,,,"3,022.00"
8319,EBL,2013-05-13,,,,,"3,539.00"
8339,EBL,2013-05-14,,,,,"1,407.00"
8359,EBL,2013-05-15,,,,,"4,043.00"
8378,EBL,2013-05-16,,,,,"3,576.00"
8397,EBL,2013-05-19,,,,,"2,912.00"
8416,EBL,2013-05-20,,,,,"1,638.00"
8435,EBL,2013-05-21,,,,,"2,425.00"
8454,EBL,2013-05-22,,,,,"4,355.00"
8474,EBL,2013-05-23,,,,,"1,393.00"
8494,EBL,2013-05-26,,,,,"9,185.00"
8513,EBL,2013-05-27,,,,,"3,996.00"
8533,EBL,2013-05-28,,,,,"1,669.00"
8553,EBL,2013-05-30,,,,,"2,297.00"
8573,EBL,2013-06-02,,,,,"4,471.00"
8593,EBL,2013-06-03,,,,,"2,820.00"
8613,EBL,2013-06-04,,,,,"2,539.00"
8633,EBL,2013-06-05,,,,,"4,005.00"
8653,EBL,2013-06-06,,,,,"1,756.00"
8672,EBL,2013-06-09,,,,,963.00
8692,EBL,2013-06-10,,,,,"3,268.00"
8712,EBL,2013-06-11,,,,,"8,920.00"
8730,EBL,2013-06-12,,,,,865.00
8750,EBL,2013-06-13,,,,,"1,802.00"
8770,EBL,2013-06-16,,,,,"33,560.00"
8790,EBL,2013-06-17,,,,,"5,843.00"
8809,EBL,2013-06-18,,,,,"8,514.00"
8829,EBL,2013-06-19,,,,,"2,522.00"
8848,EBL,2013-06-20,,,,,"17,264.00"
8868,EBL,2013-06-23,,,,,"1,001.00"
8888,EBL,2013-06-24,,,,,805.00
8908,EBL,2013-06-25,,,,,"16,658.00"
8928,EBL,2013-06-26,,,,,"4,643.00"
8948,EBL,2013-06-27,,,,,"7,915.00"
8968,EBL,2013-06-30,,,,,"3,168.00"
8988,EBL,2013-07-01,,,,,"1,134.00"
9008,EBL,2013-07-02,,,,,"16,316.00"
9028,EBL,2013-07-03,,,,,"3,542.00"
9047,EBL,2013-07-04,,,,,"5,626.00"
9066,EBL,2013-07-07,,,,,"4,118.00"
9086,EBL,2013-07-08,,,,,"10,212.00"
9106,EBL,2013-07-09,,,,,"3,924.00"
9126,EBL,2013-07-10,,,,,"4,739.00"
9146,EBL,2013-07-11,,,,,"3,581.00"
9167,EBL,2013-07-14,,,,,"5,717.00"
9187,EBL,2013-07-15,,,,,"5,281.00"
9208,EBL,2013-07-16,,,,,"1,728.00"
9227,EBL,2013-07-17,,,,,"2,876.00"
9246,EBL,2013-07-18,,,,,"8,023.00"
9267,EBL,2013-07-21,,,,,"10,674.00"
9288,EBL,2013-07-22,,,,,"16,392.00"
9309,EBL,2013-07-23,,,,,"7,761.00"
9330,EBL,2013-07-24,,,,,"6,039.00"
9351,EBL,2013-07-25,,,,,"12,648.00"
9372,EBL,2013-07-28,,,,,"10,025.00"
9393,EBL,2013-07-29,,,,,"8,279.00"
9414,EBL,2013-07-30,,,,,"6,331.00"
9435,EBL,2013-07-31,,,,,"10,007.00"
9456,EBL,2013-08-01,,,,,"14,164.00"
9477,EBL,2013-08-04,,,,,"7,197.00"
9498,EBL,2013-08-05,,,,,"3,940.00"
9520,EBL,2013-08-06,,,,,"5,789.00"
9542,EBL,2013-08-07,,,,,"4,151.00"
9564,EBL,2013-08-08,,,,,"2,741.00"
9586,EBL,2013-08-11,,,,,"10,990.00"
9608,EBL,2013-08-12,,,,,"3,627.00"
9630,EBL,2013-08-13,,,,,"5,096.00"
9652,EBL,2013-08-14,,,,,"2,227.00"
9674,EBL,2013-08-15,,,,,"4,236.00"
9696,EBL,2013-08-18,,,,,"2,567.00"
9718,EBL,2013-08-19,,,,,"4,333.00"
9740,EBL,2013-08-20,,,,,"4,226.00"
9762,EBL,2013-08-25,,,,,"12,922.00"
9784,EBL,2013-08-26,,,,,"5,708.00"
9806,EBL,2013-08-27,,,,,"6,064.00"
9828,EBL,2013-08-29,,,,,"13,762.00"
9850,EBL,2013-09-01,,,,,"9,150.00"
9872,EBL,2013-09-02,,,,,"4,868.00"
9894,EBL,2013-09-03,,,,,"5,906.00"
9916,EBL,2013-09-04,,,,,"12,561.00"
9938,EBL,2013-09-05,,,,,"6,472.00"
9960,EBL,2013-09-08,,,,,"27,879.00"
9983,EBL,2013-09-09,,,,,"3,965.00"
10006,EBL,2013-09-10,,,,,"10,975.00"
10029,EBL,2013-09-11,,,,,"7,754.00"
10052,EBL,2013-09-12,,,,,"6,244.00"
10075,EBL,2013-09-15,,,,,"9,683.00"
10098,EBL,2013-09-16,,,,,"14,995.00"
10121,EBL,2013-09-17,,,,,"18,247.00"
10144,EBL,2013-09-19,,,,,"1,200.00"
10167,EBL,2013-09-22,,,,,"1,843.00"
10190,EBL,2013-09-23,,,,,"1,112.00"
10213,EBL,2013-09-24,,,,,874.00
10236,EBL,2013-09-25,,,,,"2,541.00"
10259,EBL,2013-09-26,,,,,"2,758.00"
10282,EBL,2013-09-29,,,,,"1,867.00"
10305,EBL,2013-09-30,,,,,"2,236.00"
10328,EBL,2013-10-01,,,,,"3,367.00"
10351,EBL,2013-10-02,,,,,"6,282.00"
10374,EBL,2013-10-03,,,,,717.00
10397,EBL,2013-10-06,,,,,"3,225.00"
10420,EBL,2013-10-07,,,,,197.00
10441,EBL,2013-10-08,,,,,864.00
10463,EBL,2013-10-09,,,,,"1,353.00"
10484,EBL,2013-10-10,,,,,"1,017.00"
10506,EBL,2013-10-17,,,,,27.00
10527,EBL,2013-10-20,,,,,"5,329.00"
10549,EBL,2013-10-21,,,,,"3,212.00"
10571,EBL,2013-10-22,,,,,917.00
10593,EBL,2013-10-23,,,,,"2,049.00"
10615,EBL,2013-10-24,,,,,"2,403.00"
10637,EBL,2013-10-27,,,,,"1,805.00"
10659,EBL,2013-10-28,,,,,"1,545.00"
10681,EBL,2013-10-29,,,,,"1,214.00"
10703,EBL,2013-10-30,,,,,"3,613.00"
10725,EBL,2013-10-31,,,,,371.00
10747,EBL,2013-11-06,,,,,"1,700.00"
10768,EBL,2013-11-07,,,,,"3,245.00"
10800,EBL,2013-11-11,,,,,"3,134.00"
10821,EBL,2013-11-12,,,,,"5,129.00"
10842,EBL,2013-11-13,,,,,"2,530.00"
10863,EBL,2013-11-14,,,,,"9,254.00"
10884,EBL,2013-11-21,,,,,10.00
10903,EBL,2013-11-24,,,,,"7,064.00"
10924,EBL,2013-11-25,,,,,"8,881.00"
10945,EBL,2013-11-26,,,,,"5,399.00"
10966,EBL,2013-11-27,,,,,"4,408.00"
10987,EBL,2013-11-28,,,,,"2,707.00"
11008,EBL,2013-12-01,,,,,"4,298.00"
11029,EBL,2013-12-02,,,,,"4,184.00"
11050,EBL,2013-12-03,,,,,"4,415.00"
11071,EBL,2013-12-04,,,,,"6,037.00"
11092,EBL,2013-12-05,,,,,"4,501.00"
11113,EBL,2013-12-08,,,,,"6,777.00"
11134,EBL,2013-12-09,,,,,"5,541.00"
11155,EBL,2013-12-10,,,,,"2,598.00"
11176,EBL,2013-12-11,,,,,"5,113.00"
11197,EBL,2013-12-12,,,,,"7,341.00"
11218,EBL,2013-12-15,,,,,"6,790.00"
11239,EBL,2013-12-16,,,,,"3,650.00"
11260,EBL,2013-12-18,,,,,"3,166.00"
11281,EBL,2013-12-19,,,,,"14,538.00"
11302,EBL,2013-12-22,,,,,"12,535.00"
11323,EBL,2013-12-23,,,,,"8,184.00"
11344,EBL,2013-12-24,,,,,"8,792.00"
11365,EBL,2013-12-26,,,,,"7,054.00"
11386,EBL,2013-12-29,,,,,"4,793.00"
11407,EBL,2013-12-31,,,,,"5,212.00"
11428,EBL,2014-01-01,,,,,"6,621.00"
11449,EBL,2014-01-02,,,,,"4,082.00"
11470,EBL,2014-01-05,,,,,"3,755.00"
11491,EBL,2014-01-06,,,,,"2,375.00"
11512,EBL,2014-01-07,,,,,"4,439.00"
11533,EBL,2014-01-08,,,,,"5,450.00"
11554,EBL,2014-01-09,,,,,"4,172.00"
11575,EBL,2014-01-12,,,,,"4,040.00"
11596,EBL,2014-01-13,,,,,"1,628.00"
11617,EBL,2014-01-14,,,,,"1,881.00"
11638,EBL,2014-01-16,,,,,"5,042.00"
11659,EBL,2014-01-19,,,,,"2,532.00"
11680,EBL,2014-01-20,,,,,"4,921.00"
11701,EBL,2014-01-21,,,,,"3,022.00"
11722,EBL,2014-01-22,,,,,"3,792.00"
11743,EBL,2014-01-23,,,,,"2,638.00"
11764,EBL,2014-01-26,,,,,"4,237.00"
11785,EBL,2014-01-27,,,,,"1,374.00"
11806,EBL,2014-01-28,,,,,"3,578.00"
11827,EBL,2014-01-29,,,,,"2,442.00"
11848,EBL,2014-02-02,,,,,"2,429.00"
11869,EBL,2014-02-03,,,,,"2,752.00"
11890,EBL,2014-02-04,,,,,"3,485.00"
11911,EBL,2014-02-06,,,,,"3,109.00"
11932,EBL,2014-02-09,,,,,"2,963.00"
11953,EBL,2014-02-10,,,,,"4,923.00"
11974,EBL,2014-02-11,,,,,"7,047.00"
11995,EBL,2014-02-12,,,,,"3,861.00"
12016,EBL,2014-02-13,,,,,"3,227.00"
12037,EBL,2014-02-16,,,,,"2,340.00"
12057,EBL,2014-02-17,,,,,"1,767.00"
12077,EBL,2014-02-18,,,,,"4,242.00"
12097,EBL,2014-02-20,,,,,"2,619.00"
12117,EBL,2014-02-23,,,,,"6,646.00"
12137,EBL,2014-02-24,,,,,"4,785.00"
12157,EBL,2014-02-25,,,,,"2,094.00"
12177,EBL,2014-02-26,,,,,"2,756.00"
12197,EBL,2014-03-03,,,,,"3,690.00"
12218,EBL,2014-03-04,,,,,"5,671.00"
12239,EBL,2014-03-05,,,,,"2,177.00"
12260,EBL,2014-03-06,,,,,"4,347.00"
12281,EBL,2014-03-09,,,,,"3,132.00"
12302,EBL,2014-03-10,,,,,"3,111.00"
12323,EBL,2014-03-11,,,,,"6,802.00"
12344,EBL,2014-03-12,,,,,"5,982.00"
12367,EBL,2014-03-13,,,,,"2,363.00"
12368,EBL,2014-03-13,,,,,"2,363.00"
12390,EBL,2014-03-17,,,,,"9,223.00"
12411,EBL,2014-03-18,,,,,"10,471.00"
12432,EBL,2014-03-19,,,,,"14,949.00"
12453,EBL,2014-03-20,,,,,"4,853.00"
12474,EBL,2014-03-23,,,,,"4,197.00"
12495,EBL,2014-03-24,,,,,"4,092.00"
12516,EBL,2014-03-25,,,,,"3,569.00"
12537,EBL,2014-03-26,,,,,"2,551.00"
12558,EBL,2014-03-27,,,,,"5,997.00"
12579,EBL,2014-03-31,,,,,"10,058.00"
12600,EBL,2014-04-01,,,,,"5,183.00"
12621,EBL,2014-04-02,,,,,"5,540.00"
12642,EBL,2014-04-03,,,,,"4,635.00"
12663,EBL,2014-04-06,,,,,"3,936.00"
12685,EBL,2014-04-07,,,,,"3,613.00"
12706,EBL,2014-04-09,,,,,"2,927.00"
12727,EBL,2014-04-10,,,,,"7,615.00"
12747,EBL,2014-04-13,,,,,"8,948.00"
12768,EBL,2014-04-15,,,,,"5,236.00"
12789,EBL,2014-04-16,,,,,"6,337.00"
12810,EBL,2014-04-17,,,,,"4,664.00"
12831,EBL,2014-04-20,,,,,"5,480.00"
12851,EBL,2014-04-21,,,,,"4,350.00"
12872,EBL,2014-04-22,,,,,"3,575.00"
12893,EBL,2014-04-23,,,,,"3,134.00"
12914,EBL,2014-04-27,,,,,"1,683.00"
12935,EBL,2014-04-28,,,,,"2,295.00"
12955,EBL,2014-04-29,,,,,"1,865.00"
12976,EBL,2014-04-30,,,,,"4,020.00"
12998,EBL,2014-05-04,,,,,"4,744.00"
13020,EBL,2014-05-05,,,,,"2,614.00"
13043,EBL,2014-05-06,,,,,"4,509.00"
13066,EBL,2014-05-07,,,,,"4,192.00"
13089,EBL,2014-05-08,,,,,"3,089.00"
13112,EBL,2014-05-11,,,,,"4,450.00"
13135,EBL,2014-05-12,,,,,"1,349.00"
13158,EBL,2014-05-13,,,,,"2,722.00"
13184,EBL,2014-05-15,,,,,"2,870.00"
13185,EBL,2014-05-15,,,,,"2,870.00"
13227,EBL,2014-05-18,,,,,"2,286.00"
13250,EBL,2014-05-19,,,,,"2,105.00"
13273,EBL,2014-05-20,,,,,"1,574.00"
13296,EBL,2014-05-21,,,,,"4,361.00"
13319,EBL,2014-05-22,,,,,"2,780.00"
13342,EBL,2014-05-25,,,,,"3,276.00"
13365,EBL,2014-05-26,,,,,"7,037.00"
13388,EBL,2014-05-27,,,,,"1,428.00"
13411,EBL,2014-05-28,,,,,"5,145.00"
13434,EBL,2014-06-01,,,,,"10,958.00"
13457,EBL,2014-06-02,,,,,"6,795.00"
13480,EBL,2014-06-03,,,,,"5,709.00"
13503,EBL,2014-06-04,,,,,"5,330.00"
13526,EBL,2014-06-05,,,,,"5,267.00"
13550,EBL,2014-06-08,,,,,"4,209.00"
13574,EBL,2014-06-09,,,,,"10,756.00"
13598,EBL,2014-06-10,,,,,"8,366.00"
13622,EBL,2014-06-11,,,,,"5,720.00"
13646,EBL,2014-06-12,,,,,"7,252.00"
13670,EBL,2014-06-15,,,,,"8,810.00"
13694,EBL,2014-06-16,,,,,"5,551.00"
13722,EBL,2014-06-17,,,,,"9,873.00"
13723,EBL,2014-06-17,,,,,"9,873.00"
13766,EBL,2014-06-18,,,,,"7,970.00"
13790,EBL,2014-06-19,,,,,"6,465.00"
13814,EBL,2014-06-23,,,,,"1,319.00"
13838,EBL,2014-06-24,,,,,"1,969.00"
13862,EBL,2014-06-25,,,,,"5,233.00"
13886,EBL,2014-06-26,,,,,"2,209.00"
13910,EBL,2014-06-29,,,,,"4,778.00"
13933,EBL,2014-06-30,,,,,"2,256.00"
13957,EBL,2014-07-01,,,,,"4,302.00"
13981,EBL,2014-07-02,,,,,"3,819.00"
14005,EBL,2014-07-03,,,,,"2,825.00"
14029,EBL,2014-07-06,,,,,"4,615.00"
14053,EBL,2014-07-07,,,,,"5,268.00"
14077,EBL,2014-07-08,,,,,"7,912.00"
14101,EBL,2014-07-09,,,,,"3,416.00"
14125,EBL,2014-07-10,,,,,"4,740.00"
14149,EBL,2014-07-13,,,,,"9,942.00"
14173,EBL,2014-07-14,,,,,"1,964.00"
14197,EBL,2014-07-15,,,,,623.00
14221,EBL,2014-07-16,,,,,"6,693.00"
14245,EBL,2014-07-17,,,,,"4,553.00"
14269,EBL,2014-07-20,,,,,"8,099.00"
14293,EBL,2014-07-21,,,,,"8,917.00"
14317,EBL,2014-07-22,,,,,"4,532.00"
14341,EBL,2014-07-23,,,,,"3,408.00"
14365,EBL,2014-07-24,,,,,"4,885.00"
14389,EBL,2014-07-27,,,,,"2,504.00"
14412,EBL,2014-07-28,,,,,"2,306.00"
14436,EBL,2014-07-30,,,,,"2,461.00"
14460,EBL,2014-07-31,,,,,"4,873.00"
14484,EBL,2014-08-03,,,,,"2,332.00"
14508,EBL,2014-08-04,,,,,"4,732.00"
14532,EBL,2014-08-05,,,,,"3,533.00"
14556,EBL,2014-08-06,,,,,"5,586.00"
14580,EBL,2014-08-07,,,,,"7,973.00"
14604,EBL,2014-08-12,,,,,"4,861.00"
14628,EBL,2014-08-13,,,,,"6,902.00"
14652,EBL,2014-08-14,,,,,"5,671.00"
14676,EBL,2014-08-18,,,,,"5,826.00"
14700,EBL,2014-08-19,,,,,"7,076.00"
14724,EBL,2014-08-20,,,,,"6,880.00"
14748,EBL,2014-08-21,,,,,"6,805.00"
14772,EBL,2014-08-24,,,,,"5,042.00"
14796,EBL,2014-08-25,,,,,"14,604.00"
14820,EBL,2014-08-26,,,,,"26,548.00"
14844,EBL,2014-08-27,,,,,"24,617.00"
14868,EBL,2014-08-28,,,,,"10,760.00"
14892,EBL,2014-08-31,,,,,"18,306.00"
14916,EBL,2014-09-01,,,,,"35,196.00"
14940,EBL,2014-09-03,,,,,800.00
14964,EBL,2014-09-04,,,,,"4,213.00"
14988,EBL,2014-09-07,,,,,"4,778.00"
15012,EBL,2014-09-09,,,,,"3,512.00"
15036,EBL,2014-09-10,,,,,"4,092.00"
15060,EBL,2014-09-11,,,,,"1,131.00"
15084,EBL,2014-09-14,,,,,"2,416.00"
15108,EBL,2014-09-15,,,,,959.00
15132,EBL,2014-09-16,,,,,"1,034.00"
15156,EBL,2014-09-17,,,,,785.00
15180,EBL,2014-09-18,,,,,"3,089.00"
15204,EBL,2014-09-21,,,,,867.00
15228,EBL,2014-09-22,,,,,"2,236.00"
15252,EBL,2014-09-23,,,,,"1,976.00"
15276,EBL,2014-09-24,,,,,830.00
15300,EBL,2014-09-28,,,,,"1,010.00"
15324,EBL,2014-09-29,,,,,"1,390.00"
15348,EBL,2014-09-30,,,,,"1,378.00"
15371,EBL,2014-10-08,,,,,214.00
15392,EBL,2014-10-09,,,,,71.00
15415,EBL,2014-10-12,,,,,995.00
15438,EBL,2014-10-13,,,,,587.00
15461,EBL,2014-10-14,,,,,634.00
15484,EBL,2014-10-15,,,,,798.00
15507,EBL,2014-10-16,,,,,654.00
15530,EBL,2014-10-19,,,,,451.00
15553,EBL,2014-10-20,,,,,384.00
15576,EBL,2014-10-21,,,,,"2,013.00"
15599,EBL,2014-10-22,,,,,897.00
15622,EBL,2014-10-26,,,,,"2,236.00"
15645,EBL,2014-10-27,,,,,"1,772.00"
15668,EBL,2014-10-28,,,,,981.00
15690,EBL,2014-10-30,,,,,"3,797.00"
15712,EBL,2014-11-02,,,,,"4,492.00"
15734,EBL,2014-11-03,,,,,"3,102.00"
15757,EBL,2014-11-04,,,,,841.00
15780,EBL,2014-11-05,,,,,"1,346.00"
15803,EBL,2014-11-06,,,,,"5,133.00"
15826,EBL,2014-11-09,,,,,"1,346.00"
15848,EBL,2014-11-10,,,,,"6,474.00"
15871,EBL,2014-11-11,,,,,"3,067.00"
15893,EBL,2014-11-12,,,,,"1,084.00"
15916,EBL,2014-11-13,,,,,"3,454.00"
15939,EBL,2014-11-16,,,,,766.00
15962,EBL,2014-11-17,,,,,"1,787.00"
15985,EBL,2014-11-18,,,,,"4,276.00"
16008,EBL,2014-11-19,,,,,"6,923.00"
16031,EBL,2014-11-20,,,,,"8,957.00"
16054,EBL,2014-11-23,,,,,"14,849.00"
16077,EBL,2014-11-24,,,,,"4,759.00"
16100,EBL,2014-11-25,,,,,"2,536.00"
16123,EBL,2014-11-30,,,,,"1,148.00"
16145,EBL,2014-12-01,,,,,"8,647.00"
16168,EBL,2014-12-02,,,,,"3,822.00"
16191,EBL,2014-12-03,,,,,"3,168.00"
16214,EBL,2014-12-04,,,,,"2,944.00"
16237,EBL,2014-12-07,,,,,"6,700.00"
16260,EBL,2014-12-08,,,,,"2,050.00"
16283,EBL,2014-12-09,,,,,"1,159.00"
16306,EBL,2014-12-10,,,,,"2,518.00"
16329,EBL,2014-12-11,,,,,"1,881.00"
16352,EBL,2014-12-14,,,,,"7,282.00"
16375,EBL,2014-12-15,,,,,"12,962.00"
16398,EBL,2014-12-16,,,,,"8,144.00"
16421,EBL,2014-12-17,,,,,"8,676.00"
16443,EBL,2014-12-18,,,,,"2,400.00"
16466,EBL,2014-12-21,,,,,"4,417.00"
16488,EBL,2014-12-22,,,,,"4,793.00"
16511,EBL,2014-12-23,,,,,"3,258.00"
16533,EBL,2014-12-24,,,,,"1,731.00"
16560,EBL,2014-12-28,,,,,"4,597.00"
16561,EBL,2014-12-28,,,,,"4,597.00"
16602,EBL,2014-12-29,,,,,"11,310.00"
16625,EBL,2014-12-31,,,,,"7,492.00"
16647,EBL,2015-01-01,,,,,"7,377.00"
16670,EBL,2015-01-04,,,,,"12,527.00"
16694,EBL,2015-01-05,,,,,"4,362.00"
16718,EBL,2015-01-06,,,,,"4,781.00"
16742,EBL,2015-01-07,,,,,"6,564.00"
16766,EBL,2015-01-08,,,,,"5,464.00"
16790,EBL,2015-01-11,,,,,"3,992.00"
16814,EBL,2015-01-12,,,,,"4,852.00"
16838,EBL,2015-01-13,,,,,"1,823.00"
16862,EBL,2015-01-14,,,,,"5,091.00"
16886,EBL,2015-01-18,,,,,"4,572.00"
16910,EBL,2015-01-19,,,,,"4,572.00"
16934,EBL,2015-01-20,,,,,"4,572.00"
16958,EBL,2015-01-22,,,,,"6,422.00"
16982,EBL,2015-01-25,,,,,"2,567.00"
17006,EBL,2015-01-26,,,,,"6,083.00"
17030,EBL,2015-01-27,,,,,"5,887.00"
17054,EBL,2015-01-28,,,,,"6,869.00"
17078,EBL,2015-01-29,,,,,"6,175.00"
17101,EBL,2015-02-01,,,,,"10,309.00"
17124,EBL,2015-02-02,,,,,"8,378.00"
17147,EBL,2015-02-03,,,,,"6,252.00"
17170,EBL,2015-02-04,,,,,"5,108.00"
17193,EBL,2015-02-05,,,,,"3,541.00"
17216,EBL,2015-02-08,,,,,"6,343.00"
17239,EBL,2015-02-09,,,,,"2,801.00"
17262,EBL,2015-02-10,,,,,"4,145.00"
17285,EBL,2015-02-11,,,,,"1,758.00"
17308,EBL,2015-02-12,,,,,"1,020.00"
17331,EBL,2015-02-15,,,,,"2,590.00"
17358,EBL,2015-02-16,,,,,"3,816.00"
17359,EBL,2015-02-16,,,,,"3,816.00"
17400,EBL,2015-02-18,,,,,"1,568.00"
17423,EBL,2015-02-22,,,,,"4,653.00"
17446,EBL,2015-02-23,,,,,"6,051.00"
17469,EBL,2015-02-24,,,,,"5,517.00"
17492,EBL,2015-02-25,,,,,"2,461.00"
17514,EBL,2015-02-26,,,,,"2,477.00"
17536,EBL,2015-03-01,,,,,"1,226.00"
17559,EBL,2015-03-02,,,,,"4,053.00"
17582,EBL,2015-03-03,,,,,"1,183.00"
17605,EBL,2015-03-04,,,,,"3,482.00"
17628,EBL,2015-03-09,,,,,"3,668.00"
17651,EBL,2015-03-10,,,,,"2,142.00"
17673,EBL,2015-03-11,,,,,"1,471.00"
17695,EBL,2015-03-12,,,,,"3,064.00"
17718,EBL,2015-03-15,,,,,"4,487.00"
17740,EBL,2015-03-16,,,,,"2,589.00"
17763,EBL,2015-03-17,,,,,"2,181.00"
17786,EBL,2015-03-18,,,,,"3,120.00"
17809,EBL,2015-03-19,,,,,"1,838.00"
17832,EBL,2015-03-22,,,,,"2,143.00"
17855,EBL,2015-03-23,,,,,"3,825.00"
17878,EBL,2015-03-24,,,,,"3,194.00"
17901,EBL,2015-03-25,,,,,"2,108.00"
17924,EBL,2015-03-26,,,,,"1,928.00"
17947,EBL,2015-03-29,,,,,"2,350.00"
17970,EBL,2015-03-30,,,,,"2,024.00"
17993,EBL,2015-03-31,,,,,416.00
18016,EBL,2015-04-01,,,,,500.00
18038,EBL,2015-04-02,,,,,"1,551.00"
18061,EBL,2015-04-05,,,,,"1,010.00"
18084,EBL,2015-04-06,,,,,849.00
18107,EBL,2015-04-07,,,,,"1,770.00"
18130,EBL,2015-04-08,,,,,"2,916.00"
18153,EBL,2015-04-09,,,,,848.00
18176,EBL,2015-04-12,,,,,"2,118.00"
18199,EBL,2015-04-13,,,,,"1,938.00"
18222,EBL,2015-04-15,,,,,"1,110.00"
18245,EBL,2015-04-16,,,,,"1,681.00"
18268,EBL,2015-04-19,,,,,684.00
18291,EBL,2015-04-20,,,,,"1,255.00"
18313,EBL,2015-04-21,,,,,"2,603.00"
18336,EBL,2015-04-22,,,,,"3,388.00"
18359,EBL,2015-04-23,,,,,"4,219.00"
18381,EBL,2015-05-24,,,,,110.0
18388,EBL,2015-05-25,,,,,"1,013.00"
18401,EBL,2015-05-26,,,,,"9,394.00"
18423,EBL,2015-05-27,,,,,"5,069.00"
18444,EBL,2015-05-28,,,,,"4,585.00"
18467,EBL,2015-05-31,,,,,"5,936.00"
18490,EBL,2015-06-01,,,,,"9,303.00"
18513,EBL,2015-06-02,,,,,"9,741.00"
18536,EBL,2015-06-03,,,,,"5,659.00"
18559,EBL,2015-06-04,,,,,"4,601.00"
18582,EBL,2015-06-07,,,,,"7,715.00"
18613,EBL,2015-06-08,,,,,"10,615.00"
18614,EBL,2015-06-08,,,,,"10,615.00"
18615,EBL,2015-06-08,,,,,"10,615.00"
18674,EBL,2015-06-09,,,,,"16,787.00"
18697,EBL,2015-06-10,,,,,"10,851.00"
18720,EBL,2015-06-11,,,,,"4,577.00"
18743,EBL,2015-06-14,,,,,"3,182.00"
18765,EBL,2015-06-15,,,,,"2,581.00"
18786,EBL,2015-06-16,,,,,"3,738.00"
18809,EBL,2015-06-17,,,,,"4,329.00"
18832,EBL,2015-06-18,,,,,"10,686.00"
18855,EBL,2015-06-21,,,,,"4,874.00"
18878,EBL,2015-06-22,,,,,"2,355.00"
18901,EBL,2015-06-23,,,,,"1,454.00"
18924,EBL,2015-06-24,,,,,"2,844.00"
18947,EBL,2015-06-25,,,,,"2,589.00"
18970,EBL,2015-06-28,,,,,"5,725.00"
18993,EBL,2015-06-29,,,,,"5,042.00"
19016,EBL,2015-06-30,,,,,"4,585.00"
19039,EBL,2015-07-01,,,,,"7,689.00"
19062,EBL,2015-07-02,,,,,"5,553.00"
19085,EBL,2015-07-05,,,,,"2,702.00"
19108,EBL,2015-07-06,,,,,"6,325.00"
19131,EBL,2015-07-07,,,,,"8,713.00"
19154,EBL,2015-07-08,,,,,"4,540.00"
19177,EBL,2015-07-09,,,,,"4,237.00"
19200,EBL,2015-07-12,,,,,"7,637.00"
19223,EBL,2015-07-13,,,,,"1,979.00"
19246,EBL,2015-07-14,,,,,"1,689.00"
19269,EBL,2015-07-15,,,,,"4,036.00"
19292,EBL,2015-07-16,,,,,"4,625.00"
19315,EBL,2015-07-22,,,,,"2,947.00"
19338,EBL,2015-07-23,,,,,"18,553.00"
19361,EBL,2015-07-26,,,,,"3,128.00"
19384,EBL,2015-07-27,,,,,"46,461.00"
19407,EBL,2015-07-28,,,,,"16,053.00"
19430,EBL,2015-07-29,,,,,"12,392.00"
19453,EBL,2015-07-30,,,,,"8,606.00"
19476,EBL,2015-08-02,,,,,"9,246.00"
19499,EBL,2015-08-03,,,,,"8,874.00"
19522,EBL,2015-08-04,,,,,"12,474.00"
19545,EBL,2015-08-05,,,,,"7,238.00"
19568,EBL,2015-08-06,,,,,"8,756.00"
19591,EBL,2015-08-09,,,,,"22,672.00"
19614,EBL,2015-08-10,,,,,"15,767.00"
19637,EBL,2015-08-11,,,,,"12,177.00"
19660,EBL,2015-08-12,,,,,"9,755.00"
19683,EBL,2015-08-13,,,,,"15,195.00"
19706,EBL,2015-08-16,,,,,"32,246.00"
19729,EBL,2015-08-17,,,,,"12,751.00"
19756,EBL,2015-08-18,,,,,"12,797.00"
19757,EBL,2015-08-18,,,,,"12,797.00"
19798,EBL,2015-08-19,,,,,"6,179.00"
19821,EBL,2015-08-20,,,,,"7,371.00"
19844,EBL,2015-08-23,,,,,"5,885.00"
19867,EBL,2015-08-24,,,,,"4,786.00"
19890,EBL,2015-08-25,,,,,"3,741.00"
19913,EBL,2015-08-26,,,,,"4,973.00"
19936,EBL,2015-08-27,,,,,"118,323.00"
19959,EBL,2015-08-31,,,,,"16,005.00"
19982,EBL,2015-09-01,,,,,"19,026.00"
20005,EBL,2015-09-02,,,,,"48,857.00"
20028,EBL,2015-09-03,,,,,"44,483.00"
20051,EBL,2015-09-06,,,,,"16,630.00"
20074,EBL,2015-09-07,,,,,"4,140.00"
20097,EBL,2015-09-08,,,,,"3,142.00"
20120,EBL,2015-09-09,,,,,"7,309.00"
20143,EBL,2015-09-10,,,,,"2,146.00"
20166,EBL,2015-09-13,,,,,"2,639.00"
20189,EBL,2015-09-14,,,,,"5,347.00"
20212,EBL,2015-09-15,,,,,"6,186.00"
20235,EBL,2015-09-16,,,,,"4,901.00"
20258,EBL,2015-09-17,,,,,"3,175.00"
20281,EBL,2015-09-22,,,,,"7,256.00"
20304,EBL,2015-09-23,,,,,"7,823.00"
20326,EBL,2015-09-24,,,,,"7,788.00"
20348,EBL,2015-09-28,,,,,"23,475.00"
20370,EBL,2015-09-29,,,,,"10,585.00"
20392,EBL,2015-09-30,,,,,"25,069.00"
20414,EBL,2015-10-01,,,,,"27,402.00"
20435,EBL,2015-10-04,,,,,"32,290.00"
20456,EBL,2015-10-05,,,,,"14,916.00"
20477,EBL,2015-10-06,,,,,"14,510.00"
20498,EBL,2015-10-07,,,,,"10,111.00"
20519,EBL,2015-10-08,,,,,"11,440.00"
20540,EBL,2015-10-11,,,,,"5,965.00"
20561,EBL,2015-10-14,,,,,"14,155.00"
20582,EBL,2015-10-15,,,,,"23,840.00"
20603,EBL,2015-10-18,,,,,"24,148.00"
20624,EBL,2015-10-19,,,,,"11,279.00"
20644,EBL,2015-10-25,,,,,"2,245.00"
20662,EBL,2015-10-27,,,,,"7,667.00"
20683,EBL,2015-10-28,,,,,"5,654.00"
20703,EBL,2015-10-29,,,,,"7,063.00"
20724,EBL,2015-11-01,,,,,"4,607.00"
20745,EBL,2015-11-02,,,,,"5,838.00"
20766,EBL,2015-11-03,,,,,"7,363.00"
20787,EBL,2015-11-04,,,,,"3,550.00"
20808,EBL,2015-11-05,,,,,"4,429.00"
20829,EBL,2015-11-08,,,,,"5,109.00"
20850,EBL,2015-11-09,,,,,"4,368.00"
20871,EBL,2015-11-10,,,,,"2,072.00"
20892,EBL,2015-11-15,,,,,"6,692.00"
20913,EBL,2015-11-16,,,,,"1,987.00"
20934,EBL,2015-11-18,,,,,"3,767.00"
20956,EBL,2015-11-19,,,,,"5,391.00"
20978,EBL,2015-11-22,,,,,"8,504.00"
21000,EBL,2015-11-23,,,,,"6,843.00"
21022,EBL,2015-11-24,,,,,"5,097.00"
21044,EBL,2015-11-25,,,,,"5,438.00"
21066,EBL,2015-11-26,,,,,"7,772.00"
21088,EBL,2015-11-29,,,,,"17,775.00"
21109,EBL,2015-11-30,,,,,"25,127.00"
21130,EBL,2015-12-01,,,,,"3,297.00"
21151,EBL,2015-12-02,,,,,"2,634.00"
21172,EBL,2015-12-03,,,,,"2,604.00"
21193,EBL,2015-12-06,,,,,"7,213.00"
21214,EBL,2015-12-07,,,,,"7,518.00"
21235,EBL,2015-12-08,,,,,"2,796.00"
21256,EBL,2015-12-09,,,,,"4,018.00"
21277,EBL,2015-12-10,,,,,"2,901.00"
21298,EBL,2015-12-13,,,,,"2,461.00"
21319,EBL,2015-12-14,,,,,"2,515.00"
21340,EBL,2015-12-15,,,,,"4,057.00"
21361,EBL,2015-12-16,,,,,"3,482.00"
21382,EBL,2015-12-17,,,,,"2,657.00"
21403,EBL,2015-12-20,,,,,"2,481.00"
21424,EBL,2015-12-21,,,,,"1,872.00"
21445,EBL,2015-12-22,,,,,"3,160.00"
21466,EBL,2015-12-23,,,,,"4,630.00"
21487,EBL,2015-12-24,,,,,"2,683.00"
21508,EBL,2015-12-27,,,,,"4,875.00"
21529,EBL,2015-12-28,,,,,"3,026.00"
21550,EBL,2015-12-29,,,,,"4,082.00"
21571,EBL,2015-12-31,,,,,"3,447.00"
21592,EBL,2016-01-03,,,,,"3,435.00"
21613,EBL,2016-01-04,,,,,"4,501.00"
21634,EBL,2016-01-05,,,,,"3,039.00"
21655,EBL,2016-01-06,,,,,"3,804.00"
21676,EBL,2016-01-07,,,,,"2,482.00"
21696,EBL,2016-01-10,,,,,"5,051.00"
21716,EBL,2016-01-11,,,,,"2,303.00"
21739,EBL,2016-01-12,,,,,"5,642.00"
21740,EBL,2016-01-12,,,,,"5,642.00"
21775,EBL,2016-01-13,,,,,"8,529.00"
21795,EBL,2016-01-14,,,,,"10,242.00"
21814,EBL,2016-01-17,,,,,"10,569.00"
21833,EBL,2016-01-18,,,,,"14,800.00"
21852,EBL,2016-01-19,,,,,"10,408.00"
21871,EBL,2016-01-20,,,,,"6,593.00"
21890,EBL,2016-01-21,,,,,"5,973.00"
21909,EBL,2016-01-24,,,,,"12,279.00"
21928,EBL,2016-01-25,,,,,"3,878.00"
21946,EBL,2016-01-26,,,,,"2,642.00"
21964,EBL,2016-01-27,,,,,"2,998.00"
21982,EBL,2016-01-28,,,,,"4,470.00"
22000,EBL,2016-01-31,,,,,"2,796.00"
22018,EBL,2016-02-01,,,,,"5,816.00"
22036,EBL,2016-02-02,,,,,"4,254.00"
22054,EBL,2016-02-03,,,,,"1,429.00"
22072,EBL,2016-02-04,,,,,"2,836.00"
22090,EBL,2016-02-07,,,,,"11,910.00"
22108,EBL,2016-02-08,,,,,"3,882.00"
22126,EBL,2016-02-11,,,,,"6,156.00"
22144,EBL,2016-02-14,,,,,"5,710.00"
22162,EBL,2016-02-15,,,,,"4,241.00"
22180,EBL,2016-02-16,,,,,"4,986.00"
22198,EBL,2016-02-17,,,,,"1,816.00"
22216,EBL,2016-02-18,,,,,"3,467.00"
22234,EBL,2016-02-21,,,,,"4,496.00"
22252,EBL,2016-02-22,,,,,"11,004.00"
22270,EBL,2016-02-23,,,,,"9,422.00"
22288,EBL,2016-02-24,,,,,"2,729.00"
22306,EBL,2016-02-25,,,,,"5,411.00"
22324,EBL,2016-02-28,,,,,"4,637.00"
22342,EBL,2016-02-29,,,,,"2,033.00"
22360,EBL,2016-03-01,,,,,"4,335.00"
22378,EBL,2016-03-02,,,,,"6,119.00"
22396,EBL,2016-03-03,,,,,"2,327.00"
22414,EBL,2016-03-06,,,,,"2,597.00"
22432,EBL,2016-03-10,,,,,"5,039.00"
22450,EBL,2016-03-13,,,,,"4,642.00"
22468,EBL,2016-03-14,,,,,"3,560.00"
22486,EBL,2016-03-15,,,,,"5,840.00"
22504,EBL,2016-03-16,,,,,"2,678.00"
22522,EBL,2016-03-17,,,,,"4,899.00"
22540,EBL,2016-03-20,,,,,"4,602.00"
22558,EBL,2016-03-21,,,,,"10,409.00"
22576,EBL,2016-03-23,,,,,"12,535.00"
22594,EBL,2016-03-24,,,,,"21,833.00"
22612,EBL,2016-03-27,,,,,"21,907.00"
22630,EBL,2016-03-28,,,,,"12,534.00"
22648,EBL,2016-03-29,,,,,"11,147.00"
22666,EBL,2016-03-30,,,,,"11,844.00"
22684,EBL,2016-03-31,,,,,"9,578.00"
22702,EBL,2016-04-03,,,,,"8,328.00"
22720,EBL,2016-04-04,,,,,"2,409.00"
22738,EBL,2016-04-05,,,,,"3,422.00"
22756,EBL,2016-04-06,,,,,"3,663.00"
22774,EBL,2016-04-10,,,,,"7,995.00"
22792,EBL,2016-04-11,,,,,"3,671.00"
22810,EBL,2016-04-12,,,,,"3,744.00"
22828,EBL,2016-04-14,,,,,"2,980.00"
22847,EBL,2016-04-17,,,,,"7,837.00"
22865,EBL,2016-04-18,,,,,"9,754.00"
22883,EBL,2016-04-19,,,,,"10,722.00"
22901,EBL,2016-04-20,,,,,"70,164.00"
22919,EBL,2016-04-21,,,,,"17,245.00"
22937,EBL,2016-04-24,,,,,"10,330.00"
22955,EBL,2016-04-25,,,,,"9,331.00"
22973,EBL,2016-04-26,,,,,"11,870.00"
22991,EBL,2016-04-27,,,,,"11,118.00"
23009,EBL,2016-04-28,,,,,"12,647.00"
23027,EBL,2016-05-02,,,,,"20,203.00"
23045,EBL,2016-05-03,,,,,"26,582.00"
23063,EBL,2016-05-04,,,,,"12,182.00"
23081,EBL,2016-05-05,,,,,"24,611.00"
23099,EBL,2016-05-08,,,,,"11,315.00"
23117,EBL,2016-05-09,,,,,"12,442.00"
23135,EBL,2016-05-10,,,,,"7,239.00"
23153,EBL,2016-05-11,,,,,"7,659.00"
23171,EBL,2016-05-12,,,,,"6,680.00"
23189,EBL,2016-05-15,,,,,"5,017.00"
23207,EBL,2016-05-16,,,,,"5,063.00"
23225,EBL,2016-05-17,,,,,"9,606.00"
23243,EBL,2016-05-18,,,,,"5,967.00"
23261,EBL,2016-05-19,,,,,"14,385.00"
23279,EBL,2016-05-22,,,,,"13,066.00"
23297,EBL,2016-05-23,,,,,"12,055.00"
23315,EBL,2016-05-24,,,,,"12,202.00"
23333,EBL,2016-05-25,,,,,"16,766.00"
23351,EBL,2016-05-26,,,,,"16,157.00"
23369,EBL,2016-05-29,,,,,"7,467.00"
23387,EBL,2016-05-30,,,,,"5,254.00"
23406,EBL,2016-05-31,,,,,"6,330.00"
23425,EBL,2016-06-01,,,,,"13,908.00"
23444,EBL,2016-06-02,,,,,"4,827.00"
23463,EBL,2016-06-05,,,,,"18,225.00"
23482,EBL,2016-06-06,,,,,"11,744.00"
23501,EBL,2016-06-07,,,,,"5,674.00"
23520,EBL,2016-06-08,,,,,"7,116.00"
23539,EBL,2016-06-09,,,,,"6,427.00"
23558,EBL,2016-06-12,,,,,"36,394.00"
23577,EBL,2016-06-13,,,,,"48,112.00"
23596,EBL,2016-06-14,,,,,"18,210.00"
23615,EBL,2016-06-15,,,,,"10,545.00"
23634,EBL,2016-06-16,,,,,"10,769.00"
23653,EBL,2016-06-19,,,,,"9,731.00"
23672,EBL,2016-06-20,,,,,"9,532.00"
23691,EBL,2016-06-21,,,,,"8,824.00"
23710,EBL,2016-06-22,,,,,"26,271.00"
23729,EBL,2016-06-23,,,,,"20,966.00"
23748,EBL,2016-06-26,,,,,"29,998.00"
23767,EBL,2016-06-27,,,,,"28,593.00"
23786,EBL,2016-06-28,,,,,"18,345.00"
23805,EBL,2016-06-29,,,,,"16,150.00"
23824,EBL,2016-06-30,,,,,"16,300.00"
23843,EBL,2016-07-03,,,,,"18,147.00"
23862,EBL,2016-07-04,,,,,"20,483.00"
23881,EBL,2016-07-05,,,,,"14,713.00"
23900,EBL,2016-07-06,,,,,"21,614.00"
23919,EBL,2016-07-10,,,,,"32,118.00"
23938,EBL,2016-07-11,,,,,"6,485.00"
23959,EBL,2016-07-12,,,,,"20,913.00"
23980,EBL,2016-07-13,,,,,"10,468.00"
24001,EBL,2016-07-14,,,,,"10,674.00"
24022,EBL,2016-07-17,,,,,"10,378.00"
24043,EBL,2016-07-18,,,,,"13,749.00"
24064,EBL,2016-07-19,,,,,"9,713.00"
24085,EBL,2016-07-20,,,,,"6,757.00"
24106,EBL,2016-07-21,,,,,"6,976.00"
24127,EBL,2016-07-25,,,,,"15,487.00"
24148,EBL,2016-07-26,,,,,"15,435.00"
24169,EBL,2016-07-27,,,,,"17,732.00"
24190,EBL,2016-07-28,,,,,"14,915.00"
24210,EBL,2016-07-31,,,,,"10,784.00"
24231,EBL,2016-08-01,,,,,"8,326.00"
24252,EBL,2016-08-02,,,,,"9,838.00"
24272,EBL,2016-08-03,,,,,"4,866.00"
24293,EBL,2016-08-04,,,,,"16,399.00"
24314,EBL,2016-08-07,,,,,"26,557.00"
24335,EBL,2016-08-08,,,,,"9,279.00"
24356,EBL,2016-08-09,,,,,"12,894.00"
24376,EBL,2016-08-10,,,,,"14,898.00"
24397,EBL,2016-08-11,,,,,"7,389.00"
24418,EBL,2016-08-14,,,,,"13,860.00"
24439,EBL,2016-08-15,,,,,"18,180.00"
24460,EBL,2016-08-16,,,,,"13,220.00"
24481,EBL,2016-08-17,,,,,"4,167.00"
24502,EBL,2016-08-21,,,,,"9,996.00"
24523,EBL,2016-08-22,,,,,"6,953.00"
24544,EBL,2016-08-23,,,,,"12,313.00"
24565,EBL,2016-08-24,,,,,"9,665.00"
24586,EBL,2016-08-28,,,,,"14,333.00"
24607,EBL,2016-08-29,,,,,"9,159.00"
24628,EBL,2016-08-30,,,,,"9,259.00"
24649,EBL,2016-08-31,,,,,"6,118.00"
24670,EBL,2016-09-01,,,,,"12,798.00"
24691,EBL,2016-09-03,,,,,"23,527.00"
24712,EBL,2016-09-04,,,,,"23,527.00"
24733,EBL,2016-09-05,,,,,"24,630.00"
24754,EBL,2016-09-06,,,,,"29,535.00"
24775,EBL,2016-09-07,,,,,"20,993.00"
24796,EBL,2016-09-08,,,,,"23,972.00"
24817,EBL,2016-09-11,,,,,"12,588.00"
24838,EBL,2016-09-12,,,,,"11,721.00"
24859,EBL,2016-09-14,,,,,"10,423.00"
24880,EBL,2016-09-18,,,,,"6,427.00"
24901,EBL,2016-09-20,,,,,"8,919.00"
24922,EBL,2016-09-21,,,,,"8,355.00"
24942,EBL,2016-09-22,,,,,"10,922.00"
24963,EBL,2016-09-25,,,,,"34,094.00"
24984,EBL,2016-09-26,,,,,"63,817.00"
25005,EBL,2016-09-27,,,,,"32,067.00"
25027,EBL,2016-09-28,,,,,"8,891.00"
25049,EBL,2016-09-29,,,,,"10,709.00"
25072,EBL,2016-10-02,,,,,"11,942.00"
25095,EBL,2016-10-03,,,,,"18,674.00"
25118,EBL,2016-10-04,,,,,"26,741.00"
25142,EBL,2016-10-05,,,,,"28,172.00"
25165,EBL,2016-10-06,,,,,"17,078.00"
25188,EBL,2016-10-16,,,,,"6,479.00"
25211,EBL,2016-10-17,,,,,"6,978.00"
25234,EBL,2016-10-18,,,,,"6,897.00"
25257,EBL,2016-10-19,,,,,"4,630.00"
25280,EBL,2016-10-20,,,,,"17,133.00"
25303,EBL,2016-10-23,,,,,"14,551.00"
25326,EBL,2016-10-24,,,,,"21,299.00"
25350,EBL,2016-10-25,,,,,"14,256.00"
25374,EBL,2016-10-26,,,,,"10,118.00"
25397,EBL,2016-10-27,,,,,"5,858.00"
25421,EBL,2016-11-03,,,,,"9,483.00"
25445,EBL,2016-11-07,,,,,"12,995.00"
25469,EBL,2016-11-08,,,,,"5,245.00"
25493,EBL,2016-11-09,,,,,"10,521.00"
25517,EBL,2016-11-10,,,,,"10,249.00"
25541,EBL,2016-11-13,,,,,"56,342.00"
25565,EBL,2016-11-14,,,,,"33,381.00"
25589,EBL,2016-11-15,,,,,"46,810.00"
25613,EBL,2016-11-16,,,,,"102,479.00"
25637,EBL,2016-11-17,,,,,"139,771.00"
25661,EBL,2016-11-20,,,,,"53,221.00"
25685,EBL,2016-11-21,,,,,"36,457.00"
25709,EBL,2016-11-22,,,,,"26,354.00"
25733,EBL,2016-11-23,,,,,"52,025.00"
25757,EBL,2016-11-24,,,,,"39,182.00"
25781,EBL,2016-11-27,,,,,"35,330.00"
25805,EBL,2016-11-28,,,,,"52,678.00"
25829,EBL,2016-11-29,,,,,"47,939.00"
25853,EBL,2016-11-30,,,,,"61,472.00"
25877,EBL,2016-12-01,,,,,"28,521.00"
25901,EBL,2016-12-04,,,,,"17,354.00"
25925,EBL,2016-12-05,,,,,"13,458.00"
25949,EBL,2016-12-06,,,,,"14,036.00"
25973,EBL,2016-12-07,,,,,"11,330.00"
25997,EBL,2016-12-08,,,,,"11,310.00"
26021,EBL,2016-12-11,,,,,"9,818.00"
26045,EBL,2016-12-12,,,,,"31,127.00"
26069,EBL,2016-12-14,,,,,"30,050.00"
26093,EBL,2016-12-15,,,,,"25,459.00"
26117,EBL,2016-12-18,,,,,"46,640.00"
26141,EBL,2016-12-19,,,,,"50,053.00"
26165,EBL,2016-12-20,,,,,"90,630.00"
26189,EBL,2016-12-21,,,,,"21,562.00"
26213,EBL,2016-12-22,,,,,"10,387.00"
26237,EBL,2016-12-26,,,,,"20,191.00"
26261,EBL,2016-12-27,,,,,"14,804.00"
26285,EBL,2016-12-28,,,,,"13,808.00"
26309,EBL,2016-12-29,,,,,"14,961.00"
26333,EBL,2017-01-01,,,,,"15,605.00"
26357,EBL,2017-01-02,,,,,"16,816.00"
26381,EBL,2017-01-03,,,,,"15,101.00"
26405,EBL,2017-01-04,,,,,"10,676.00"
26429,EBL,2017-01-05,,,,,"8,780.00"
26453,EBL,2017-01-08,,,,,"8,118.00"
26477,EBL,2017-01-09,,,,,"4,900.00"
26501,EBL,2017-01-10,,,,,"5,559.00"
26525,EBL,2017-01-11,,,,,"12,013.00"
26549,EBL,2017-01-12,,,,,"5,513.00"
26572,EBL,2017-01-15,,,,,"3,244.00"
26597,EBL,2017-01-16,,,,,"3,338.00"
26622,EBL,2017-01-17,,,,,"3,601.00"
26647,EBL,2017-01-18,,,,,"1,478.00"
26672,EBL,2017-01-19,,,,,"4,481.00"
26697,EBL,2017-01-22,,,,,"2,075.00"
26721,EBL,2017-01-23,,,,,"4,996.00"
26745,EBL,2017-01-24,,,,,"3,692.00"
26769,EBL,2017-01-25,,,,,"5,827.00"
26793,EBL,2017-01-26,,,,,"9,888.00"
26817,EBL,2017-01-30,,,,,"9,403.00"
26841,EBL,2017-01-31,,,,,"6,676.00"
26865,EBL,2017-02-01,,,,,"7,105.00"
26889,EBL,2017-02-02,,,,,"7,053.00"
26913,EBL,2017-02-05,,,,,"1,854.00"
26937,EBL,2017-02-06,,,,,"3,036.00"
26961,EBL,2017-02-07,,,,,"7,305.00"
26985,EBL,2017-02-08,,,,,"11,861.00"
27009,EBL,2017-02-09,,,,,"9,545.00"
27033,EBL,2017-02-12,,,,,"8,855.00"
27057,EBL,2017-02-13,,,,,"8,331.00"
27081,EBL,2017-02-14,,,,,"6,617.00"
27105,EBL,2017-02-15,,,,,"7,379.00"
27129,EBL,2017-02-16,,,,,"9,877.00"
27153,EBL,2017-02-19,,,,,"6,419.00"
27177,EBL,2017-02-20,,,,,"8,380.00"
27201,EBL,2017-02-21,,,,,"5,584.00"
27225,EBL,2017-02-22,,,,,"2,555.00"
27249,EBL,2017-02-23,,,,,"6,856.00"
27273,EBL,2017-02-26,,,,,"6,117.00"
27297,EBL,2017-02-28,,,,,"6,173.00"
27321,EBL,2017-03-01,,,,,"3,305.00"
27345,EBL,2017-03-02,,,,,"3,316.00"
27369,EBL,2017-03-05,,,,,"3,347.00"
27393,EBL,2017-03-06,,,,,"3,999.00"
27417,EBL,2017-03-07,,,,,"2,926.00"
27442,EBL,2017-03-09,,,,,"2,681.00"
27467,EBL,2017-03-13,,,,,"2,385.00"
27492,EBL,2017-03-14,,,,,"3,337.00"
27517,EBL,2017-03-15,,,,,"3,733.00"
27542,EBL,2017-03-16,,,,,"2,636.00"
27567,EBL,2017-03-19,,,,,"5,127.00"
27592,EBL,2017-03-20,,,,,"5,197.00"
27617,EBL,2017-03-21,,,,,"7,666.00"
27642,EBL,2017-03-22,,,,,"12,493.00"
27667,EBL,2017-03-23,,,,,"8,004.00"
27692,EBL,2017-03-26,,,,,"17,283.00"
27717,EBL,2017-03-28,,,,,"9,601.00"
27742,EBL,2017-03-29,,,,,"22,767.00"
27767,EBL,2017-03-30,,,,,"9,238.00"
27790,EBL,2017-04-02,,,,,"9,308.00"
27813,EBL,2017-04-03,,,,,"15,591.00"
27838,EBL,2017-04-04,,,,,"13,813.00"
27863,EBL,2017-04-06,,,,,"18,388.00"
27888,EBL,2017-04-09,,,,,"20,148.00"
27913,EBL,2017-04-10,,,,,"16,618.00"
27938,EBL,2017-04-11,,,,,"17,207.00"
27963,EBL,2017-04-12,,,,,"19,474.00"
27988,EBL,2017-04-13,,,,,"7,507.00"
28013,EBL,2017-04-16,,,,,"6,466.00"
28038,EBL,2017-04-18,,,,,"38,872.00"
28063,EBL,2017-04-19,,,,,"15,738.00"
28088,EBL,2017-04-20,,,,,"15,995.00"
28113,EBL,2017-04-23,,,,,"13,822.00"
28138,EBL,2017-04-24,,,,,"5,702.00"
28163,EBL,2017-04-25,,,,,"3,552.00"
28188,EBL,2017-04-26,,,,,"3,451.00"
28213,EBL,2017-04-27,,,,,"8,111.00"
28238,EBL,2017-04-30,,,,,"2,862.00"
28264,EBL,2017-05-02,,,,,"5,178.00"
28289,EBL,2017-05-03,,,,,"16,393.00"
28314,EBL,2017-05-04,,,,,"11,922.00"
28339,EBL,2017-05-07,,,,,"7,045.00"
28364,EBL,2017-05-08,,,,,"4,127.00"
28389,EBL,2017-05-09,,,,,"2,569.00"
28414,EBL,2017-05-11,,,,,"8,093.00"
28439,EBL,2017-05-15,,,,,"10,873.00"
28464,EBL,2017-05-16,,,,,"7,073.00"
28489,EBL,2017-05-17,,,,,"6,310.00"
28514,EBL,2017-05-18,,,,,"8,446.00"
28539,EBL,2017-05-21,,,,,"7,858.00"
28564,EBL,2017-05-22,,,,,"7,425.00"
28589,EBL,2017-05-23,,,,,"13,086.00"
28614,EBL,2017-05-24,,,,,"7,987.00"
28639,EBL,2017-05-28,,,,,"8,035.00"
28664,EBL,2017-05-30,,,,,"9,628.00"
28689,EBL,2017-05-31,,,,,"8,459.00"
28713,EBL,2017-06-01,,,,,"7,565.00"
28737,EBL,2017-06-04,,,,,"4,930.00"
28761,EBL,2017-06-05,,,,,"5,874.00"
28785,EBL,2017-06-06,,,,,"8,619.00"
28809,EBL,2017-06-07,,,,,"10,385.00"
28833,EBL,2017-06-08,,,,,"9,122.00"
28857,EBL,2017-06-11,,,,,"11,907.00"
28881,EBL,2017-06-12,,,,,"9,164.00"
28905,EBL,2017-06-13,,,,,"27,508.00"
28929,EBL,2017-06-14,,,,,"30,055.00"
28953,EBL,2017-06-15,,,,,"35,929.00"
28977,EBL,2017-06-18,,,,,"40,182.00"
29002,EBL,2017-06-19,,,,,"35,462.00"
29026,EBL,2017-06-20,,,,,"54,285.00"
29051,EBL,2017-06-21,,,,,"31,422.00"
29076,EBL,2017-06-22,,,,,"30,402.00"
29101,EBL,2017-06-25,,,,,"34,408.00"
29126,EBL,2017-06-27,,,,,"17,064.00"
29151,EBL,2017-06-28,,,,,"7,852.00"
29176,EBL,2017-07-02,,,,,"12,601.00"
29201,EBL,2017-07-03,,,,,"6,786.00"
29226,EBL,2017-07-04,,,,,"6,812.00"
29251,EBL,2017-07-05,,,,,"7,801.00"
29276,EBL,2017-07-06,,,,,"8,990.00"
29301,EBL,2017-07-09,,,,,"10,674.00"
29326,EBL,2017-07-10,,,,,"6,277.00"
29351,EBL,2017-07-11,,,,,"8,918.00"
29376,EBL,2017-07-12,,,,,"5,915.00"
29401,EBL,2017-07-13,,,,,"8,748.00"
29426,EBL,2017-07-16,,,,,"4,432.00"
29451,EBL,2017-07-17,,,,,"6,497.00"
29476,EBL,2017-07-18,,,,,"8,420.00"
29501,EBL,2017-07-19,,,,,"15,048.00"
29526,EBL,2017-07-20,,,,,"8,936.00"
29551,EBL,2017-07-23,,,,,"7,292.00"
29576,EBL,2017-07-24,,,,,"6,786.00"
29601,EBL,2017-07-25,,,,,"5,433.00"
29626,EBL,2017-07-26,,,,,"5,914.00"
29651,EBL,2017-07-27,,,,,"5,911.00"
29676,EBL,2017-07-30,,,,,"5,863.00"
29701,EBL,2017-07-31,,,,,"8,396.00"
29726,EBL,2017-08-01,,,,,"10,213.00"
29751,EBL,2017-08-02,,,,,"17,364.00"
29776,EBL,2017-08-03,,,,,"9,458.00"
29801,EBL,2017-08-06,,,,,"14,094.00"
29826,EBL,2017-08-07,,,,,"13,195.00"
29851,EBL,2017-08-09,,,,,"11,217.00"
29876,EBL,2017-08-10,,,,,"16,438.00"
29901,EBL,2017-08-13,,,,,"9,548.00"
29926,EBL,2017-08-15,,,,,"5,099.00"
29951,EBL,2017-08-16,,,,,"4,881.00"
29976,EBL,2017-08-17,,,,,"3,024.00"
30001,EBL,2017-08-20,,,,,"9,838.00"
30026,EBL,2017-08-21,,,,,"4,343.00"
30051,EBL,2017-08-22,,,,,"12,027.00"
30076,EBL,2017-08-23,,,,,"5,849.00"
30101,EBL,2017-08-24,,,,,"3,861.00"
30126,EBL,2017-08-27,,,,,"10,484.00"
30151,EBL,2017-08-28,,,,,"9,266.00"
30176,EBL,2017-08-30,,,,,"11,313.00"
30201,EBL,2017-08-31,,,,,"7,943.00"
30226,EBL,2017-09-04,,,,,"10,524.00"
30251,EBL,2017-09-06,,,,,"6,634.00"
30276,EBL,2017-09-07,,,,,"5,509.00"
30301,EBL,2017-09-10,,,,,"7,963.00"
30326,EBL,2017-09-11,,,,,"4,931.00"
30351,EBL,2017-09-12,,,,,"5,711.00"
30376,EBL,2017-09-13,,,,,"10,841.00"
30401,EBL,2017-09-14,,,,,"7,278.00"
30426,EBL,2017-09-17,,,,,"11,685.00"
30451,EBL,2017-09-18,,,,,"22,228.00"
30476,EBL,2017-09-20,,,,,"22,886.00"
30501,EBL,2017-09-24,,,,,"7,959.00"
30526,EBL,2017-09-25,,,,,"6,754.00"
30551,EBL,2017-09-26,,,,,"5,330.00"
30576,EBL,2017-10-03,,,,,185.00
30601,EBL,2017-10-04,,,,,"4,780.00"
30626,EBL,2017-10-08,,,,,"5,691.00"
30651,EBL,2017-10-09,,,,,"7,219.00"
30676,EBL,2017-10-10,,,,,"10,473.00"
30701,EBL,2017-10-11,,,,,"7,058.00"
30726,EBL,2017-10-12,,,,,"4,484.00"
30751,EBL,2017-10-15,,,,,"2,976.00"
30776,EBL,2017-10-16,,,,,"4,227.00"
30801,EBL,2017-10-17,,,,,"6,138.00"
30826,EBL,2017-10-18,,,,,"5,251.00"
30851,EBL,2017-10-22,,,,,"2,343.00"
30876,EBL,2017-10-23,,,,,"4,095.00"
30901,EBL,2017-10-24,,,,,"3,647.00"
30926,EBL,2017-10-25,,,,,"6,244.00"
30951,EBL,2017-10-29,,,,,"5,153.00"
30976,EBL,2017-10-30,,,,,"6,961.00"
31001,EBL,2017-10-31,,,,,"6,353.00"
31026,EBL,2017-11-01,,,,,"5,515.00"
31051,EBL,2017-11-02,,,,,"5,787.00"
31076,EBL,2017-11-05,,,,,"13,157.00"
31101,EBL,2017-11-06,,,,,"9,961.00"
31126,EBL,2017-11-07,,,,,"9,667.00"
31151,EBL,2017-11-08,,,,,"7,943.00"
31176,EBL,2017-11-09,,,,,"28,790.00"
31201,EBL,2017-11-12,,,,,"7,883.00"
31226,EBL,2017-11-13,,,,,"17,504.00"
31251,EBL,2017-11-14,,,,,"16,191.00"
31276,EBL,2017-11-15,,,,,"11,738.00"
31301,EBL,2017-11-16,,,,,"20,024.00"
31326,EBL,2017-11-19,,,,,"66,387.00"
31351,EBL,2017-11-20,,,,,"23,361.00"
31376,EBL,2017-11-21,,,,,"22,380.00"
31401,EBL,2017-11-22,,,,,"17,057.00"
31426,EBL,2017-11-23,,,,,"16,501.00"
31451,EBL,2017-11-26,,,,,"20,075.00"
31476,EBL,2017-11-27,,,,,"17,294.00"
31501,EBL,2017-11-28,,,,,"7,806.00"
31526,EBL,2017-11-29,,,,,"13,793.00"
31551,EBL,2017-11-30,,,,,"11,548.00"
31576,EBL,2017-12-04,,,,,"13,307.00"
31601,EBL,2017-12-05,,,,,"10,825.00"
31626,EBL,2017-12-06,,,,,"15,965.00"
31651,EBL,2017-12-10,,,,,"10,272.00"
31676,EBL,2017-12-11,,,,,"14,166.00"
31701,EBL,2017-12-12,,,,,"13,706.00"
31726,EBL,2017-12-13,,,,,"10,982.00"
31751,EBL,2017-12-14,,,,,"6,563.00"
31776,EBL,2017-12-17,,,,,"13,697.00"
31801,EBL,2017-12-18,,,,,"18,216.00"
31826,EBL,2017-12-19,,,,,"17,497.00"
31851,EBL,2017-12-20,,,,,"17,818.00"
31876,EBL,2017-12-21,,,,,"16,966.00"
31901,EBL,2017-12-24,,,,,"18,077.00"
31926,EBL,2017-12-26,,,,,"18,844.00"
31951,EBL,2017-12-27,,,,,"66,472.00"
31976,EBL,2017-12-28,816.0,810.0,788.0,798.0,"30,229.00"
32001,EBL,2017-12-31,798.0,799.0,790.0,798.0,"11,109.00"
32026,EBL,2018-01-01,798.0,835.0,800.0,835.0,"17,773.00"
32051,EBL,2018-01-02,835.0,895.0,845.0,861.0,"31,454.00"
32076,EBL,2018-01-03,861.0,878.0,852.0,856.0,"19,211.00"
32101,EBL,2018-01-04,856.0,872.0,851.0,872.0,"10,995.00"
32126,EBL,2018-01-07,872.0,883.0,870.0,875.0,"22,352.00"
32151,EBL,2018-01-08,875.0,895.0,885.0,892.0,"19,212.00"
32176,EBL,2018-01-09,892.0,934.0,899.0,934.0,"24,260.00"
32201,EBL,2018-01-10,934.0,950.0,917.0,922.0,"23,008.00"
32226,EBL,2018-01-14,922.0,920.0,906.0,907.0,"10,305.00"
32251,EBL,2018-01-16,907.0,907.0,885.0,893.0,"10,127.00"
32276,EBL,2018-01-17,893.0,890.0,872.0,883.0,"7,133.00"
32301,EBL,2018-01-21,883.0,894.0,880.0,883.0,"10,307.00"
32326,EBL,2018-01-22,883.0,890.0,876.0,876.0,"7,441.00"
32351,EBL,2018-01-23,876.0,880.0,871.0,872.0,"5,043.00"
32376,EBL,2018-01-24,872.0,872.0,865.0,867.0,"3,635.00"
32401,EBL,2018-01-25,867.0,872.0,862.0,867.0,"8,352.00"
32426,EBL,2018-01-28,867.0,879.0,866.0,873.0,"7,520.00"
32451,EBL,2018-01-29,873.0,878.0,860.0,865.0,"9,402.00"
32476,EBL,2018-01-31,865.0,868.0,860.0,862.0,"7,448.00"
32501,EBL,2018-02-01,862.0,865.0,855.0,863.0,"13,391.00"
32526,EBL,2018-02-04,863.0,875.0,857.0,861.0,"11,593.00"
32551,EBL,2018-02-05,861.0,865.0,854.0,854.0,"6,823.00"
32575,EBL,2018-02-06,854.0,853.0,844.0,845.0,"10,160.00"
32600,EBL,2018-02-07,845.0,854.0,840.0,840.0,"7,983.00"
32624,EBL,2018-02-08,840.0,845.0,838.0,840.0,"9,080.00"
32649,EBL,2018-02-11,840.0,845.0,840.0,842.0,"7,963.00"
32675,EBL,2018-02-12,842.0,844.0,837.0,840.0,"10,560.00"
32700,EBL,2018-02-14,840.0,844.0,837.0,841.0,"6,540.00"
32725,EBL,2018-02-15,841.0,865.0,840.0,860.0,"19,376.00"
32751,EBL,2018-02-18,877.0,894.0,858.0,860.0,"23,017.00"
32776,EBL,2018-02-20,861.0,861.0,845.0,851.0,"6,336.00"
32801,EBL,2018-02-21,851.0,851.0,837.0,841.0,"6,835.00"
32826,EBL,2018-02-22,849.0,849.0,833.0,835.0,"15,944.00"
32851,EBL,2018-02-25,835.0,835.0,825.0,825.0,"6,688.00"
32876,EBL,2018-02-26,835.0,835.0,811.0,817.0,"10,719.00"
32901,EBL,2018-02-27,817.0,825.0,813.0,820.0,"9,851.00"
32926,EBL,2018-02-28,820.0,820.0,800.0,803.0,"15,549.00"
32951,EBL,2018-03-04,789.0,790.0,760.0,770.0,"21,092.00"
32976,EBL,2018-03-05,773.0,785.0,762.0,770.0,"13,393.00"
33001,EBL,2018-03-06,771.0,790.0,750.0,765.0,"16,541.00"
33026,EBL,2018-03-07,773.0,785.0,773.0,780.0,"11,376.00"
33051,EBL,2018-03-11,780.0,780.0,759.0,760.0,"15,425.00"
33076,EBL,2018-03-12,770.0,770.0,741.0,741.0,"20,267.00"
33101,EBL,2018-03-13,745.0,753.0,735.0,735.0,"15,304.00"
33126,EBL,2018-03-14,745.0,755.0,735.0,745.0,"11,898.00"
33151,EBL,2018-03-15,746.0,754.0,731.0,731.0,"11,145.00"
33176,EBL,2018-03-18,735.0,748.0,719.0,737.0,"12,631.00"
33201,EBL,2018-03-19,743.0,743.0,722.0,726.0,"8,964.00"
33226,EBL,2018-03-20,726.0,726.0,710.0,710.0,"13,049.00"
33251,EBL,2018-03-21,710.0,714.0,690.0,693.0,"20,878.00"
33276,EBL,2018-03-22,690.0,705.0,675.0,685.0,"17,464.00"
33301,EBL,2018-03-26,673.0,685.0,650.0,665.0,"18,295.00"
33326,EBL,2018-03-27,660.0,728.0,652.0,715.0,"16,465.00"
33351,EBL,2018-03-28,716.0,743.0,701.0,727.0,"28,643.00"
33376,EBL,2018-03-29,730.0,744.0,730.0,740.0,"17,611.00"
33401,EBL,2018-04-01,742.0,742.0,710.0,727.0,"10,320.00"
33426,EBL,2018-04-02,730.0,730.0,721.0,725.0,"8,258.00"
33451,EBL,2018-04-03,720.0,727.0,720.0,725.0,"10,006.00"
33476,EBL,2018-04-04,728.0,745.0,727.0,740.0,"9,887.00"
33501,EBL,2018-04-05,745.0,763.0,745.0,763.0,"17,683.00"
33526,EBL,2018-04-08,778.0,808.0,772.0,807.0,"30,563.00"
33551,EBL,2018-04-09,820.0,838.0,810.0,814.0,"23,809.00"
33576,EBL,2018-04-10,805.0,820.0,790.0,800.0,"9,072.00"
33601,EBL,2018-04-11,804.0,804.0,786.0,800.0,"6,119.00"
33626,EBL,2018-04-12,816.0,816.0,795.0,797.0,"13,365.00"
33651,EBL,2018-04-15,805.0,805.0,785.0,798.0,"5,928.00"
33676,EBL,2018-04-16,783.0,809.0,783.0,800.0,"5,610.00"
33701,EBL,2018-04-17,805.0,809.0,796.0,804.0,"11,512.00"
33726,EBL,2018-04-18,805.0,870.0,800.0,819.0,"13,786.00"
33751,EBL,2018-04-19,835.0,838.0,820.0,832.0,"20,366.00"
33776,EBL,2018-04-22,848.0,865.0,840.0,857.0,"26,389.00"
33801,EBL,2018-04-23,874.0,900.0,845.0,860.0,"21,755.00"
33826,EBL,2018-04-24,860.0,860.0,840.0,840.0,"8,635.00"
33851,EBL,2018-04-25,835.0,835.0,815.0,825.0,"12,187.00"
33876,EBL,2018-04-26,815.0,830.0,798.0,798.0,"17,296.00"
33901,EBL,2018-04-29,795.0,805.0,783.0,795.0,"8,912.00"
33926,EBL,2018-05-02,785.0,796.0,775.0,789.0,"15,908.00"
33951,EBL,2018-05-03,795.0,809.0,790.0,794.0,"10,890.00"
33976,EBL,2018-05-06,795.0,795.0,785.0,785.0,"7,682.00"
34001,EBL,2018-05-07,781.0,781.0,770.0,776.0,"10,821.00"
34026,EBL,2018-05-08,775.0,790.0,770.0,789.0,"7,674.00"
34051,EBL,2018-05-09,789.0,789.0,766.0,782.0,"7,611.00"
34076,EBL,2018-05-10,778.0,782.0,772.0,773.0,"7,205.00"
34100,EBL,2018-05-14,775.0,775.0,764.0,764.0,"9,480.00"
34125,EBL,2018-05-15,760.0,760.0,752.0,756.0,"5,082.00"
34150,EBL,2018-05-16,753.0,755.0,748.0,750.0,"9,741.00"
34175,EBL,2018-05-17,751.0,753.0,745.0,746.0,"8,868.00"
34200,EBL,2018-05-20,755.0,755.0,740.0,742.0,"9,903.00"
34225,EBL,2018-05-21,746.0,750.0,729.0,733.0,"10,451.00"
34250,EBL,2018-05-22,740.0,740.0,728.0,728.0,"9,683.00"
34275,EBL,2018-05-23,730.0,735.0,720.0,728.0,"7,550.00"
34300,EBL,2018-05-24,730.0,734.0,722.0,725.0,"10,633.00"
34325,EBL,2018-05-27,725.0,725.0,700.0,708.0,"19,118.00"
34350,EBL,2018-05-28,705.0,735.0,702.0,731.0,"8,205.00"
34376,EBL,2018-05-29,736.0,741.0,723.0,736.0,"20,797.00"
34402,EBL,2018-05-30,730.0,750.0,729.0,732.0,"6,601.00"
34428,EBL,2018-05-31,730.0,735.0,720.0,726.0,"8,567.00"
34454,EBL,2018-06-03,726.0,726.0,707.0,708.0,"7,789.00"
34480,EBL,2018-06-04,715.0,715.0,700.0,701.0,"14,232.00"
34506,EBL,2018-06-06,711.0,727.0,707.0,710.0,"4,996.00"
34532,EBL,2018-06-07,710.0,711.0,696.0,697.0,"10,833.00"
34558,EBL,2018-06-10,691.0,700.0,680.0,685.0,"26,750.00"
34584,EBL,2018-06-11,685.0,700.0,671.0,686.0,"16,457.00"
34610,EBL,2018-06-12,680.0,689.0,680.0,682.0,"8,557.00"
34636,EBL,2018-06-13,682.0,687.0,681.0,687.0,"7,507.00"
34662,EBL,2018-06-14,699.0,700.0,685.0,686.0,"3,794.00"
34688,EBL,2018-06-17,681.0,689.0,676.0,679.0,"9,962.00"
34714,EBL,2018-06-18,679.0,680.0,667.0,676.0,"5,245.00"
34740,EBL,2018-06-19,687.0,687.0,670.0,672.0,"8,253.00"
34766,EBL,2018-06-20,675.0,675.0,665.0,670.0,"6,266.00"
34792,EBL,2018-06-21,670.0,679.0,660.0,675.0,"7,087.00"
34818,EBL,2018-06-24,685.0,685.0,670.0,675.0,"9,584.00"
34844,EBL,2018-06-25,675.0,675.0,666.0,670.0,"4,035.00"
34870,EBL,2018-06-26,666.0,671.0,660.0,660.0,"6,194.00"
34896,EBL,2018-06-27,660.0,670.0,655.0,669.0,"9,631.00"
34922,EBL,2018-06-28,670.0,673.0,660.0,665.0,"9,563.00"
34948,EBL,2018-07-01,665.0,665.0,653.0,656.0,"5,046.00"
34974,EBL,2018-07-02,650.0,670.0,640.0,655.0,"12,793.00"
35000,EBL,2018-07-03,647.0,650.0,640.0,650.0,"12,155.00"
35026,EBL,2018-07-04,642.0,652.0,638.0,649.0,"7,194.00"
35052,EBL,2018-07-05,649.0,672.0,649.0,672.0,"8,945.00"
35078,EBL,2018-07-08,684.0,697.0,678.0,678.0,"9,306.00"
35104,EBL,2018-07-09,677.0,684.0,664.0,668.0,"5,857.00"
35130,EBL,2018-07-10,668.0,680.0,663.0,665.0,"7,931.00"
35156,EBL,2018-07-11,666.0,678.0,666.0,667.0,"7,899.00"
35182,EBL,2018-07-12,668.0,670.0,657.0,660.0,"6,363.00"
35208,EBL,2018-07-15,660.0,661.0,652.0,661.0,"8,158.00"
35234,EBL,2018-07-16,660.0,670.0,660.0,663.0,"4,933.00"
35260,EBL,2018-07-17,660.0,673.0,660.0,667.0,"4,614.00"
35286,EBL,2018-07-18,670.0,670.0,662.0,665.0,"4,975.00"
35312,EBL,2018-07-19,667.0,672.0,664.0,672.0,"3,040.00"
35338,EBL,2018-07-22,670.0,671.0,662.0,667.0,"4,077.00"
35364,EBL,2018-07-23,670.0,671.0,662.0,666.0,"4,310.00"
35390,EBL,2018-07-24,666.0,678.0,666.0,670.0,"8,708.00"
35416,EBL,2018-07-25,670.0,671.0,666.0,670.0,"5,317.00"
35442,EBL,2018-07-26,668.0,675.0,661.0,662.0,"3,959.00"
35468,EBL,2018-07-29,665.0,672.0,665.0,672.0,"7,319.00"
35494,EBL,2018-07-30,675.0,675.0,664.0,665.0,"9,157.00"
35520,EBL,2018-07-31,666.0,668.0,661.0,667.0,"3,081.00"
35546,EBL,2018-08-01,665.0,669.0,665.0,669.0,"5,745.00"
35572,EBL,2018-08-02,667.0,670.0,665.0,665.0,"5,867.00"
35598,EBL,2018-08-05,670.0,670.0,663.0,663.0,"11,273.00"
35624,EBL,2018-08-06,664.0,668.0,664.0,665.0,"6,285.00"
35650,EBL,2018-08-07,666.0,667.0,665.0,666.0,"6,420.00"
35676,EBL,2018-08-08,665.0,668.0,664.0,664.0,"8,962.00"
35702,EBL,2018-08-09,665.0,665.0,661.0,662.0,"2,933.00"
35728,EBL,2018-08-12,655.0,658.0,648.0,650.0,"7,270.00"
35754,EBL,2018-08-13,650.0,651.0,641.0,650.0,"10,140.00"
35780,EBL,2018-08-14,655.0,655.0,646.0,650.0,"7,244.00"
35806,EBL,2018-08-15,655.0,663.0,649.0,662.0,"10,742.00"
35832,EBL,2018-08-16,665.0,666.0,659.0,663.0,"14,501.00"
35858,EBL,2018-08-19,675.0,675.0,665.0,667.0,"14,480.00"
35884,EBL,2018-08-20,667.0,667.0,660.0,665.0,"4,619.00"
35910,EBL,2018-08-21,662.0,662.0,650.0,654.0,"6,286.00"
35936,EBL,2018-08-22,654.0,665.0,654.0,658.0,"2,365.00"
35962,EBL,2018-08-23,664.0,664.0,652.0,658.0,"5,927.00"
35988,EBL,2018-08-26,653.0,660.0,653.0,655.0,"5,199.00"
36014,EBL,2018-08-28,660.0,665.0,655.0,660.0,"6,193.00"
36040,EBL,2018-08-29,658.0,658.0,648.0,654.0,"6,519.00"
36066,EBL,2018-08-30,655.0,661.0,642.0,658.0,"4,376.00"
36092,EBL,2018-09-02,658.0,662.0,654.0,658.0,"8,901.00"
36118,EBL,2018-09-03,658.0,664.0,648.0,663.0,"11,270.00"
36144,EBL,2018-09-04,662.0,663.0,652.0,657.0,"7,982.00"
36170,EBL,2018-09-05,660.0,673.0,656.0,665.0,"12,375.00"
36196,EBL,2018-09-06,676.0,676.0,657.0,660.0,"12,757.00"
36222,EBL,2018-09-09,660.0,673.0,652.0,673.0,"6,597.00"
36248,EBL,2018-09-10,673.0,673.0,657.0,660.0,"7,365.00"
36274,EBL,2018-09-11,661.0,663.0,660.0,662.0,"4,300.00"
36300,EBL,2018-09-12,661.0,663.0,658.0,660.0,"3,616.00"
36326,EBL,2018-09-13,659.0,662.0,652.0,653.0,"15,051.00"
36352,EBL,2018-09-16,660.0,668.0,655.0,660.0,"10,262.00"
36378,EBL,2018-09-17,660.0,665.0,658.0,660.0,"8,921.00"
36404,EBL,2018-09-18,660.0,665.0,659.0,660.0,"4,712.00"
36430,EBL,2018-09-20,660.0,660.0,651.0,651.0,"9,109.00"
36456,EBL,2018-09-23,654.0,658.0,642.0,651.0,"20,910.00"
36482,EBL,2018-09-25,663.0,670.0,652.0,654.0,"29,564.00"
36508,EBL,2018-09-26,657.0,657.0,643.0,650.0,"21,532.00"
36534,EBL,2018-09-27,650.0,655.0,644.0,644.0,"23,668.00"
36560,EBL,2018-09-30,643.0,655.0,640.0,640.0,"9,309.00"
36586,EBL,2018-10-01,645.0,648.0,630.0,635.0,"13,571.00"
36612,EBL,2018-10-02,635.0,644.0,630.0,638.0,"11,862.00"
36638,EBL,2018-10-03,633.0,640.0,630.0,635.0,"10,980.00"
36664,EBL,2018-10-04,635.0,641.0,630.0,631.0,"12,866.00"
36690,EBL,2018-10-07,630.0,632.0,623.0,623.0,"9,788.00"
36716,EBL,2018-10-08,624.0,628.0,620.0,625.0,"11,391.00"
36742,EBL,2018-10-09,627.0,627.0,621.0,621.0,"10,421.00"
36768,EBL,2018-10-10,632.0,632.0,619.0,624.0,"8,167.00"
36794,EBL,2018-10-11,624.0,634.0,624.0,631.0,"1,648.00"
36820,EBL,2018-10-14,642.0,642.0,630.0,634.0,"2,889.00"
36846,EBL,2018-10-15,635.0,645.0,635.0,639.0,"6,481.00"
36872,EBL,2018-10-21,640.0,644.0,640.0,641.0,918.00
36898,EBL,2018-10-22,650.0,650.0,637.0,637.0,"4,236.00"
36924,EBL,2018-10-23,644.0,644.0,635.0,636.0,"1,639.00"
36950,EBL,2018-10-24,635.0,637.0,630.0,637.0,"4,501.00"
36976,EBL,2018-10-25,638.0,640.0,637.0,637.0,"4,091.00"
37002,EBL,2018-10-28,630.0,640.0,627.0,633.0,"4,138.00"
37028,EBL,2018-10-29,627.0,635.0,624.0,625.0,"5,101.00"
37054,EBL,2018-10-30,627.0,628.0,623.0,627.0,"7,954.00"
37080,EBL,2018-10-31,635.0,635.0,620.0,620.0,"6,885.00"
37106,EBL,2018-11-01,617.0,625.0,617.0,625.0,"7,275.00"
37132,EBL,2018-11-04,613.0,613.0,587.0,591.0,"42,925.00"
37158,EBL,2018-11-05,591.0,596.0,590.0,595.0,"9,948.00"
37184,EBL,2018-11-06,595.0,602.0,591.0,597.0,"1,045.00"
37210,EBL,2018-11-11,597.0,599.0,580.0,585.0,"7,069.00"
37235,EBL,2018-11-12,584.0,590.0,581.0,585.0,"6,510.00"
37261,EBL,2018-11-13,594.0,595.0,585.0,593.0,"6,226.00"
37287,EBL,2018-11-14,588.0,595.0,588.0,593.0,"7,189.00"
37313,EBL,2018-11-15,596.0,596.0,580.0,580.0,"9,417.00"
37339,EBL,2018-11-18,581.0,581.0,573.0,575.0,"5,274.00"
37365,EBL,2018-11-19,564.0,575.0,564.0,571.0,"6,522.00"
37391,EBL,2018-11-20,570.0,571.0,555.0,556.0,"8,242.00"
37417,EBL,2018-11-21,556.0,556.0,549.0,551.0,"15,079.00"
37443,EBL,2018-11-22,554.0,554.0,545.0,545.0,"5,879.00"
37469,EBL,2018-11-25,544.0,544.0,531.0,535.0,"14,020.00"
37495,EBL,2018-11-26,531.0,538.0,531.0,538.0,"19,514.00"
37521,EBL,2018-11-27,540.0,541.0,537.0,539.0,"4,234.00"
37547,EBL,2018-11-28,532.0,542.0,532.0,534.0,"8,425.00"
37573,EBL,2018-11-29,535.0,536.0,528.0,530.0,"9,598.00"
37599,EBL,2018-12-02,527.0,527.0,520.0,526.0,"10,495.00"
37625,EBL,2018-12-03,524.0,530.0,520.0,520.0,"9,469.00"
37651,EBL,2018-12-04,520.0,530.0,520.0,530.0,"6,316.00"
37677,EBL,2018-12-05,530.0,530.0,520.0,523.0,"6,903.00"
37703,EBL,2018-12-06,523.0,525.0,515.0,524.0,"8,027.00"
37729,EBL,2018-12-09,530.0,536.0,525.0,534.0,"6,918.00"
37755,EBL,2018-12-10,537.0,545.0,533.0,533.0,"10,155.00"
37781,EBL,2018-12-11,535.0,543.0,535.0,541.0,"17,169.00"
37807,EBL,2018-12-12,531.0,532.0,517.0,528.0,"6,139.00"
37833,EBL,2018-12-13,530.0,532.0,518.0,526.0,"7,471.00"
37859,EBL,2018-12-16,535.0,544.0,535.0,536.0,"7,748.00"
37885,EBL,2018-12-17,545.0,553.0,539.0,540.0,"6,440.00"
37911,EBL,2018-12-18,544.0,544.0,530.0,536.0,"5,752.00"
37937,EBL,2018-12-19,531.0,539.0,528.0,536.0,"5,701.00"
37963,EBL,2018-12-20,546.0,546.0,531.0,531.0,"5,302.00"
37989,EBL,2018-12-23,541.0,551.0,535.0,544.0,"13,958.00"
38015,EBL,2018-12-24,544.0,545.0,536.0,540.0,"8,169.00"
38041,EBL,2018-12-25,549.0,549.0,535.0,540.0,"3,165.00"
38067,EBL,2018-12-26,540.0,549.0,540.0,548.0,"20,668.00"
38093,EBL,2018-12-27,550.0,562.0,549.0,550.0,"24,019.00"
38119,EBL,2018-12-30,550.0,559.0,546.0,548.0,"7,456.00"
38145,EBL,2018-12-31,550.0,552.0,538.0,540.0,"4,479.00"
38171,EBL,2019-01-01,545.0,548.0,536.0,538.0,"5,264.00"
38197,EBL,2019-01-02,548.0,548.0,538.0,540.0,"4,507.00"
38223,EBL,2019-01-03,545.0,545.0,535.0,535.0,"2,919.00"
38249,EBL,2019-01-06,540.0,540.0,530.0,532.0,"6,675.00"
38275,EBL,2019-01-07,535.0,540.0,528.0,532.0,"9,134.00"
38301,EBL,2019-01-08,533.0,534.0,530.0,531.0,"11,066.00"
38327,EBL,2019-01-09,535.0,535.0,531.0,532.0,"8,224.00"
38353,EBL,2019-01-10,535.0,537.0,532.0,536.0,"5,665.00"
38379,EBL,2019-01-13,532.0,535.0,531.0,531.0,"6,412.00"
38405,EBL,2019-01-14,535.0,535.0,532.0,534.0,"5,086.00"
38431,EBL,2019-01-15,541.0,541.0,533.0,534.0,"7,057.00"
38457,EBL,2019-01-16,536.0,538.0,532.0,533.0,"6,112.00"
38483,EBL,2019-01-17,535.0,535.0,528.0,530.0,"7,974.00"
38509,EBL,2019-01-20,535.0,535.0,527.0,530.0,"4,082.00"
38535,EBL,2019-01-21,530.0,530.0,520.0,530.0,"7,886.00"
38561,EBL,2019-01-22,535.0,535.0,529.0,530.0,"2,888.00"
38587,EBL,2019-01-23,523.0,532.0,522.0,528.0,"13,607.00"
38613,EBL,2019-01-24,535.0,535.0,525.0,527.0,"8,744.00"
38639,EBL,2019-01-27,523.0,526.0,522.0,522.0,"8,632.00"
38665,EBL,2019-01-28,525.0,534.0,523.0,527.0,"1,234.00"
38691,EBL,2019-01-29,528.0,530.0,521.0,522.0,"3,928.00"
38717,EBL,2019-01-30,528.0,528.0,523.0,525.0,"3,558.00"
38743,EBL,2019-01-31,525.0,528.0,524.0,524.0,"4,278.00"
38769,EBL,2019-02-03,524.0,524.0,520.0,523.0,"16,686.00"
38795,EBL,2019-02-04,526.0,526.0,517.0,517.0,"10,619.00"
38821,EBL,2019-02-05,520.0,520.0,516.0,518.0,"4,625.00"
38847,EBL,2019-02-06,520.0,520.0,517.0,517.0,"5,273.00"
38873,EBL,2019-02-07,516.0,520.0,512.0,518.0,"2,279.00"
38899,EBL,2019-02-10,515.0,520.0,512.0,516.0,"2,695.00"
38925,EBL,2019-02-11,509.0,517.0,509.0,516.0,"4,275.00"
38951,EBL,2019-02-12,512.0,517.0,508.0,513.0,"4,310.00"
38977,EBL,2019-02-13,515.0,515.0,508.0,510.0,"9,605.00"
39003,EBL,2019-02-14,513.0,513.0,504.0,505.0,"7,955.00"
39029,EBL,2019-02-17,501.0,512.0,501.0,504.0,"8,295.00"
39055,EBL,2019-02-18,508.0,508.0,503.0,504.0,"6,013.00"
39081,EBL,2019-02-19,503.0,515.0,503.0,515.0,"8,474.00"
39107,EBL,2019-02-20,525.0,525.0,505.0,508.0,"3,493.00"
39133,EBL,2019-02-21,507.0,511.0,503.0,508.0,"3,521.00"
39159,EBL,2019-02-24,510.0,511.0,505.0,506.0,"3,721.00"
39185,EBL,2019-02-25,505.0,510.0,505.0,510.0,"3,948.00"
39211,EBL,2019-02-26,510.0,510.0,505.0,507.0,"3,546.00"
39237,EBL,2019-02-27,510.0,512.0,507.0,507.0,"3,756.00"
39263,EBL,2019-03-03,510.0,513.0,506.0,510.0,"8,267.00"
39289,EBL,2019-03-05,510.0,510.0,506.0,509.0,"4,488.00"
39315,EBL,2019-03-06,509.0,514.0,509.0,514.0,"8,453.00"
39341,EBL,2019-03-07,512.0,520.0,512.0,518.0,"6,312.00"
39367,EBL,2019-03-10,520.0,523.0,516.0,520.0,"12,636.00"
39393,EBL,2019-03-11,528.0,530.0,518.0,525.0,"15,129.00"
39419,EBL,2019-03-12,527.0,546.0,527.0,542.0,"16,348.00"
39445,EBL,2019-03-13,550.0,550.0,537.0,540.0,"14,562.00"
39471,EBL,2019-03-14,530.0,545.0,527.0,540.0,"8,693.00"
39497,EBL,2019-03-17,542.0,554.0,542.0,554.0,"16,079.00"
39523,EBL,2019-03-18,559.0,565.0,550.0,556.0,"22,238.00"
39549,EBL,2019-03-19,556.0,557.0,547.0,548.0,"5,077.00"
39575,EBL,2019-03-21,551.0,555.0,546.0,552.0,"13,678.00"
39601,EBL,2019-03-24,551.0,557.0,546.0,555.0,"10,437.00"
39627,EBL,2019-03-25,555.0,558.0,548.0,553.0,"10,124.00"
39653,EBL,2019-03-26,548.0,555.0,548.0,555.0,"8,320.00"
39679,EBL,2019-03-27,558.0,558.0,553.0,556.0,"4,604.00"
39705,EBL,2019-03-28,563.0,563.0,555.0,558.0,"9,837.00"
39731,EBL,2019-03-31,560.0,565.0,558.0,561.0,"10,611.00"
39757,EBL,2019-04-01,560.0,580.0,556.0,573.0,"19,974.00"
39783,EBL,2019-04-02,579.0,599.0,579.0,592.0,"27,532.00"
39809,EBL,2019-04-03,595.0,600.0,585.0,592.0,"20,165.00"
39835,EBL,2019-04-04,591.0,602.0,591.0,596.0,"19,345.00"
39861,EBL,2019-04-07,600.0,615.0,595.0,614.0,"26,188.00"
39887,EBL,2019-04-08,618.0,622.0,602.0,608.0,"27,111.00"
39913,EBL,2019-04-09,620.0,620.0,601.0,607.0,"15,777.00"
39939,EBL,2019-04-10,610.0,610.0,599.0,603.0,"6,200.00"
39965,EBL,2019-04-11,603.0,606.0,599.0,600.0,"12,840.00"
39991,EBL,2019-04-15,609.0,611.0,600.0,603.0,"3,588.00"
40017,EBL,2019-04-16,603.0,614.0,601.0,614.0,"10,002.00"
40043,EBL,2019-04-17,625.0,625.0,609.0,620.0,"15,966.00"
40069,EBL,2019-04-18,616.0,634.0,612.0,631.0,"25,005.00"
40095,EBL,2019-04-21,635.0,680.0,631.0,680.0,"26,774.00"
40121,EBL,2019-04-22,680.0,692.0,651.0,670.0,"46,587.00"
40147,EBL,2019-04-23,670.0,681.0,660.0,671.0,"25,785.00"
40173,EBL,2019-04-24,704.0,704.0,670.0,679.0,"13,729.00"
40199,EBL,2019-04-25,684.0,685.0,668.0,671.0,"27,955.00"
40225,EBL,2019-04-28,676.0,683.0,670.0,670.0,"21,499.00"
40251,EBL,2019-04-29,670.0,673.0,650.0,666.0,"12,513.00"
40277,EBL,2019-04-30,666.0,666.0,656.0,665.0,"12,311.00"
40303,EBL,2019-05-02,657.0,664.0,656.0,656.0,"10,824.00"
40329,EBL,2019-05-05,651.0,659.0,646.0,647.0,"16,125.00"
40355,EBL,2019-05-06,650.0,675.0,645.0,675.0,"24,621.00"
40381,EBL,2019-05-07,671.0,688.0,666.0,675.0,"25,417.00"
40407,EBL,2019-05-08,675.0,675.0,664.0,666.0,"8,697.00"
40433,EBL,2019-05-09,670.0,670.0,655.0,665.0,"6,560.00"
40459,EBL,2019-05-12,665.0,670.0,655.0,667.0,"10,480.00"
40485,EBL,2019-05-13,675.0,675.0,667.0,668.0,"8,500.00"
40511,EBL,2019-05-14,670.0,680.0,669.0,674.0,"11,593.00"
40537,EBL,2019-05-15,672.0,690.0,670.0,680.0,"17,835.00"
40563,EBL,2019-05-16,685.0,686.0,673.0,677.0,"9,971.00"
40589,EBL,2019-05-19,685.0,685.0,672.0,673.0,"5,550.00"
40614,EBL,2019-05-20,674.0,675.0,662.0,662.0,"8,935.00"
40639,EBL,2019-05-21,658.0,675.0,658.0,671.0,"8,562.00"
40664,EBL,2019-05-22,672.0,675.0,669.0,671.0,"9,708.00"
40689,EBL,2019-05-23,679.0,679.0,659.0,665.0,"13,375.00"
40714,EBL,2019-05-26,661.0,666.0,657.0,659.0,"13,481.00"
40739,EBL,2019-05-27,654.0,666.0,654.0,659.0,"5,876.00"
40764,EBL,2019-05-28,660.0,681.0,657.0,666.0,"8,888.00"
40789,EBL,2019-05-29,679.0,681.0,667.0,674.0,"15,565.00"
40814,EBL,2019-05-30,700.0,707.0,677.0,677.0,"41,142.00"
40839,EBL,2019-06-02,676.0,688.0,671.0,671.0,"10,476.00"
40864,EBL,2019-06-03,675.0,675.0,666.0,671.0,"17,048.00"
40889,EBL,2019-06-04,665.0,673.0,665.0,666.0,"15,798.00"
40914,EBL,2019-06-06,670.0,670.0,664.0,667.0,"13,692.00"
40939,EBL,2019-06-10,662.0,666.0,660.0,661.0,"11,649.00"
40964,EBL,2019-06-11,660.0,669.0,660.0,665.0,"8,072.00"
40989,EBL,2019-06-12,663.0,664.0,658.0,664.0,"5,592.00"
41014,EBL,2019-06-13,665.0,666.0,656.0,663.0,"10,377.00"
41039,EBL,2019-06-16,658.0,665.0,658.0,660.0,"9,672.00"
41064,EBL,2019-06-17,660.0,665.0,655.0,657.0,"10,285.00"
41089,EBL,2019-06-18,657.0,663.0,657.0,660.0,"7,881.00"
41114,EBL,2019-06-19,650.0,662.0,650.0,661.0,"5,172.00"
41139,EBL,2019-06-20,661.0,666.0,660.0,666.0,"5,374.00"
41164,EBL,2019-06-24,662.0,667.0,660.0,665.0,"6,968.00"
41189,EBL,2019-06-25,664.0,667.0,663.0,665.0,"6,655.00"
41214,EBL,2019-06-26,666.0,667.0,660.0,667.0,"9,076.00"
41239,EBL,2019-06-27,667.0,669.0,663.0,663.0,"14,844.00"
41264,EBL,2019-06-30,665.0,665.0,653.0,653.0,"11,001.00"
41289,EBL,2019-07-01,646.0,658.0,645.0,655.0,"7,997.00"
41314,EBL,2019-07-02,653.0,656.0,649.0,656.0,"7,934.00"
41339,EBL,2019-07-03,658.0,666.0,654.0,665.0,"7,506.00"
41364,EBL,2019-07-04,660.0,666.0,658.0,660.0,"5,746.00"
41389,EBL,2019-07-07,654.0,655.0,648.0,650.0,"8,377.00"
41413,EBL,2019-07-08,647.0,650.0,643.0,645.0,"5,075.00"
41437,EBL,2019-07-09,650.0,654.0,647.0,654.0,"7,805.00"
41461,EBL,2019-07-10,648.0,664.0,648.0,659.0,"6,522.00"
41485,EBL,2019-07-11,660.0,666.0,655.0,666.0,"9,384.00"
41509,EBL,2019-07-14,661.0,666.0,660.0,662.0,"5,653.00"
41533,EBL,2019-07-15,662.0,670.0,660.0,663.0,"10,458.00"
41557,EBL,2019-07-16,696.0,696.0,664.0,666.0,"7,165.00"
41581,EBL,2019-07-17,668.0,680.0,668.0,677.0,"17,868.00"
41605,EBL,2019-07-18,675.0,683.0,674.0,675.0,"8,558.00"
41629,EBL,2019-07-21,688.0,688.0,666.0,666.0,"5,850.00"
41653,EBL,2019-07-22,670.0,672.0,666.0,669.0,"12,403.00"
41677,EBL,2019-07-23,672.0,680.0,672.0,678.0,"8,396.00"
41701,EBL,2019-07-24,677.0,689.0,677.0,681.0,"10,312.00"
41725,EBL,2019-07-25,679.0,680.0,672.0,673.0,"7,252.00"
41749,EBL,2019-07-28,661.0,667.0,660.0,660.0,"15,409.00"
41773,EBL,2019-07-29,665.0,666.0,658.0,661.0,"5,747.00"
41797,EBL,2019-07-30,661.0,666.0,661.0,662.0,"3,676.00"
41821,EBL,2019-07-31,662.0,669.0,662.0,666.0,"2,056.00"
41845,EBL,2019-08-01,668.0,670.0,660.0,664.0,"10,154.00"
41869,EBL,2019-08-04,666.0,669.0,656.0,660.0,"16,372.00"
41893,EBL,2019-08-05,660.0,663.0,657.0,658.0,"5,004.00"
41917,EBL,2019-08-06,655.0,656.0,650.0,652.0,"12,988.00"
41941,EBL,2019-08-07,650.0,656.0,648.0,652.0,"9,628.00"
41965,EBL,2019-08-08,664.0,664.0,651.0,653.0,"4,380.00"
41989,EBL,2019-08-11,650.0,667.0,650.0,667.0,"9,429.00"
42013,EBL,2019-08-12,665.0,665.0,654.0,657.0,"5,983.00"
42037,EBL,2019-08-13,657.0,657.0,653.0,655.0,"8,123.00"
42061,EBL,2019-08-15,648.0,648.0,641.0,641.0,"2,293.00"
42085,EBL,2019-08-18,645.0,661.0,641.0,642.0,"8,553.00"
42109,EBL,2019-08-19,642.0,658.0,642.0,651.0,"7,588.00"
42133,EBL,2019-08-20,651.0,653.0,647.0,650.0,"3,043.00"
42157,EBL,2019-08-21,650.0,655.0,646.0,651.0,"2,284.00"
42181,EBL,2019-08-22,660.0,660.0,648.0,649.0,"6,797.00"
42205,EBL,2019-08-25,649.0,655.0,645.0,655.0,"6,018.00"
42229,EBL,2019-08-26,645.0,650.0,645.0,648.0,"10,637.00"
42253,EBL,2019-08-27,655.0,660.0,648.0,650.0,"7,271.00"
42277,EBL,2019-08-28,660.0,660.0,644.0,644.0,"2,847.00"
42301,EBL,2019-08-29,645.0,647.0,641.0,644.0,"7,637.00"
42325,EBL,2019-09-01,645.0,645.0,630.0,630.0,"9,999.00"
42349,EBL,2019-09-02,630.0,630.0,608.0,613.0,"8,783.00"
42373,EBL,2019-09-03,611.0,626.0,601.0,626.0,"10,507.00"
42397,EBL,2019-09-04,638.0,638.0,624.0,626.0,"12,249.00"
42421,EBL,2019-09-05,623.0,626.0,622.0,622.0,"6,963.00"
42445,EBL,2019-09-08,620.0,620.0,608.0,610.0,"5,239.00"
42469,EBL,2019-09-09,610.0,610.0,590.0,602.0,"19,909.00"
42493,EBL,2019-09-10,601.0,610.0,594.0,598.0,"5,414.00"
42517,EBL,2019-09-11,593.0,600.0,588.0,590.0,"8,523.00"
42541,EBL,2019-09-12,601.0,601.0,580.0,580.0,"10,357.00"
42565,EBL,2019-09-15,580.0,585.0,560.0,560.0,"11,531.00"
42589,EBL,2019-09-16,555.0,558.0,546.0,550.0,"13,354.00"
42613,EBL,2019-09-17,550.0,575.0,550.0,570.0,"10,125.00"
42637,EBL,2019-09-18,581.0,590.0,570.0,587.0,"14,171.00"
42661,EBL,2019-09-19,587.0,588.0,577.0,580.0,"8,210.00"
42685,EBL,2019-09-22,573.0,574.0,564.0,568.0,"6,599.00"
42709,EBL,2019-09-23,567.0,571.0,565.0,569.0,"2,297.00"
42733,EBL,2019-09-24,560.0,567.0,560.0,565.0,"4,415.00"
42757,EBL,2019-09-25,564.0,564.0,553.0,558.0,"5,587.00"
42781,EBL,2019-09-26,562.0,562.0,555.0,557.0,"4,972.00"
42805,EBL,2019-09-29,561.0,561.0,551.0,554.0,"5,665.00"
42829,EBL,2019-09-30,552.0,567.0,550.0,565.0,"6,264.00"
42853,EBL,2019-10-01,572.0,579.0,566.0,577.0,"6,075.00"
42877,EBL,2019-10-02,576.0,576.0,570.0,572.0,"6,655.00"
42901,EBL,2019-10-03,570.0,575.0,570.0,575.0,"8,050.00"
42925,EBL,2019-10-10,579.0,584.0,574.0,574.0,"1,735.00"
42948,EBL,2019-10-14,580.0,580.0,550.0,560.0,"8,061.00"
42972,EBL,2019-10-15,558.0,559.0,550.0,554.0,"7,903.00"
42995,EBL,2019-10-16,553.0,553.0,545.0,546.0,"13,000.00"
43018,EBL,2019-10-17,550.0,553.0,546.0,547.0,"5,884.00"
43042,EBL,2019-10-20,542.0,550.0,539.0,549.0,"13,579.00"
43066,EBL,2019-10-21,555.0,555.0,545.0,545.0,"7,786.00"
43090,EBL,2019-10-22,540.0,547.0,540.0,546.0,"15,964.00"
43114,EBL,2019-10-23,546.0,550.0,545.0,550.0,"3,421.00"
43138,EBL,2019-10-24,560.0,560.0,550.0,557.0,"13,345.00"
43162,EBL,2019-10-31,557.0,560.0,553.0,558.0,"6,763.00"
43186,EBL,2019-11-03,558.0,559.0,553.0,559.0,"5,728.00"
43210,EBL,2019-11-04,551.0,560.0,550.0,557.0,"4,864.00"
43234,EBL,2019-11-05,557.0,560.0,535.0,557.0,"26,636.00"
43258,EBL,2019-11-06,567.0,567.0,556.0,561.0,"7,710.00"
43282,EBL,2019-11-07,567.0,567.0,557.0,557.0,"5,269.00"
43307,EBL,2019-11-10,567.0,567.0,552.0,557.0,"5,407.00"
43332,EBL,2019-11-11,556.0,565.0,550.0,555.0,"9,574.00"
43357,EBL,2019-11-12,555.0,556.0,550.0,552.0,"3,189.00"
43382,EBL,2019-11-13,555.0,555.0,550.0,551.0,"3,198.00"
43407,EBL,2019-11-14,555.0,560.0,551.0,555.0,"2,473.00"
43432,EBL,2019-11-17,555.0,555.0,551.0,555.0,"5,668.00"
43457,EBL,2019-11-18,551.0,554.0,551.0,553.0,"7,385.00"
43482,EBL,2019-11-19,563.0,563.0,551.0,551.0,"2,490.00"
43507,EBL,2019-11-20,555.0,562.0,551.0,555.0,"9,828.00"
43532,EBL,2019-11-21,551.0,551.0,548.0,548.0,"4,642.00"
43557,EBL,2019-11-24,545.0,545.0,537.0,539.0,"9,573.00"
43582,EBL,2019-11-25,529.0,539.0,529.0,538.0,"9,179.00"
43607,EBL,2019-11-26,540.0,541.0,535.0,540.0,"6,640.00"
43632,EBL,2019-11-27,539.0,549.0,538.0,545.0,"4,137.00"
43657,EBL,2019-11-28,545.0,553.0,543.0,545.0,"7,980.00"
43682,EBL,2019-12-01,544.0,547.0,537.0,537.0,"6,835.00"
43707,EBL,2019-12-02,537.0,541.0,537.0,539.0,"4,883.00"
43732,EBL,2019-12-03,540.0,543.0,537.0,541.0,"5,510.00"
43757,EBL,2019-12-04,550.0,551.0,542.0,546.0,"3,713.00"
43782,EBL,2019-12-05,544.0,552.0,543.0,546.0,"4,586.00"
43807,EBL,2019-12-08,546.0,550.0,543.0,546.0,"7,268.00"
43832,EBL,2019-12-09,541.0,556.0,541.0,551.0,"6,160.00"
43857,EBL,2019-12-10,560.0,569.0,550.0,556.0,"5,522.00"
43882,EBL,2019-12-11,563.0,564.0,560.0,563.0,"4,648.00"
43907,EBL,2019-12-12,572.0,572.0,560.0,563.0,"11,230.00"
43932,EBL,2019-12-15,563.0,583.0,563.0,576.0,"13,964.00"
43957,EBL,2019-12-16,579.0,579.0,568.0,575.0,"15,557.00"
43982,EBL,2019-12-17,567.0,576.0,567.0,573.0,"7,248.00"
44007,EBL,2019-12-18,570.0,575.0,570.0,570.0,"6,042.00"
44032,EBL,2019-12-19,575.0,581.0,567.0,569.0,"15,255.00"
44057,EBL,2019-12-22,532.0,532.0,525.0,526.0,"5,771.00"
44082,EBL,2019-12-23,536.0,536.0,526.0,529.0,"6,140.00"
44107,EBL,2019-12-24,529.0,533.0,526.0,526.0,"7,312.00"
44132,EBL,2019-12-25,528.0,528.0,525.0,526.0,"3,940.00"
44157,EBL,2019-12-26,525.0,527.0,525.0,527.0,"3,503.00"
44182,EBL,2019-12-29,526.0,528.0,525.0,525.0,"4,555.00"
44207,EBL,2019-12-30,522.0,522.0,517.0,522.0,"7,122.00"
44232,EBL,2019-12-31,522.0,530.0,520.0,525.0,"5,124.00"
44257,EBL,2020-01-01,525.0,525.0,523.0,525.0,"3,613.00"
44282,EBL,2020-01-02,528.0,530.0,524.0,527.0,"6,472.00"
44307,EBL,2020-01-05,527.0,546.0,527.0,542.0,"12,317.00"
44332,EBL,2020-01-06,550.0,563.0,550.0,558.0,"25,500.00"
44357,EBL,2020-01-07,563.0,588.0,563.0,585.0,"25,260.00"
44382,EBL,2020-01-08,595.0,603.0,577.0,585.0,"21,330.00"
44407,EBL,2020-01-09,584.0,591.0,580.0,586.0,"10,461.00"
44432,EBL,2020-01-12,595.0,599.0,589.0,596.0,"11,654.00"
44457,EBL,2020-01-13,603.0,619.0,603.0,604.0,"17,247.00"
44482,EBL,2020-01-14,604.0,605.0,585.0,596.0,"14,918.00"
44507,EBL,2020-01-15,605.0,617.0,595.0,614.0,"36,287.00"
44532,EBL,2020-01-16,615.0,637.0,615.0,629.0,"27,215.00"
44557,EBL,2020-01-19,635.0,645.0,633.0,642.0,"25,366.00"
44582,EBL,2020-01-20,654.0,654.0,620.0,633.0,"20,518.00"
44608,EBL,2020-01-21,632.0,634.0,622.0,628.0,"16,221.00"
44634,EBL,2020-01-22,630.0,633.0,617.0,617.0,"16,588.00"
44660,EBL,2020-01-23,616.0,622.0,610.0,612.0,"9,960.00"
44686,EBL,2020-01-26,610.0,610.0,597.0,598.0,"20,795.00"
44712,EBL,2020-01-27,598.0,610.0,598.0,610.0,"14,545.00"
44738,EBL,2020-01-28,613.0,627.0,613.0,616.0,"10,643.00"
44764,EBL,2020-01-29,615.0,617.0,612.0,616.0,"11,351.00"
44790,EBL,2020-01-30,625.0,633.0,617.0,630.0,"20,431.00"
44816,EBL,2020-02-02,640.0,657.0,640.0,657.0,"48,254.00"
44842,EBL,2020-02-03,675.0,675.0,651.0,654.0,"17,963.00"
44868,EBL,2020-02-04,654.0,657.0,641.0,641.0,"16,025.00"
44894,EBL,2020-02-05,650.0,650.0,643.0,646.0,"6,916.00"
44920,EBL,2020-02-06,645.0,646.0,638.0,641.0,"10,379.00"
44946,EBL,2020-02-09,630.0,638.0,629.0,630.0,"5,808.00"
44972,EBL,2020-02-10,637.0,637.0,626.0,627.0,"8,871.00"
44998,EBL,2020-02-11,639.0,647.0,628.0,643.0,"12,689.00"
45024,EBL,2020-02-12,648.0,648.0,640.0,641.0,"14,522.00"
45050,EBL,2020-02-13,645.0,645.0,638.0,639.0,"13,289.00"
45076,EBL,2020-02-16,637.0,638.0,630.0,637.0,"13,546.00"
45102,EBL,2020-02-17,649.0,675.0,649.0,670.0,"51,892.00"
45128,EBL,2020-02-18,674.0,683.0,665.0,670.0,"48,150.00"
45154,EBL,2020-02-19,670.0,672.0,659.0,665.0,"12,346.00"
45180,EBL,2020-02-20,675.0,680.0,660.0,680.0,"24,088.00"
45206,EBL,2020-02-23,693.0,730.0,691.0,730.0,"48,160.00"
45232,EBL,2020-02-24,744.0,763.0,715.0,724.0,"67,174.00"
45258,EBL,2020-02-25,738.0,740.0,700.0,740.0,"29,348.00"
45284,EBL,2020-02-26,750.0,800.0,745.0,800.0,"48,869.00"
45310,EBL,2020-02-27,800.0,880.0,775.0,880.0,"127,927.00"
45336,EBL,2020-03-01,897.0,932.0,848.0,864.0,"121,923.00"
45362,EBL,2020-03-02,850.0,862.0,786.0,786.0,"57,994.00"
45388,EBL,2020-03-03,775.0,837.0,736.0,813.0,"130,142.00"
45414,EBL,2020-03-04,814.0,819.0,762.0,764.0,"71,316.00"
45440,EBL,2020-03-05,750.0,777.0,707.0,751.0,"48,163.00"
45466,EBL,2020-03-10,736.0,751.0,695.0,695.0,"32,287.00"
45492,EBL,2020-03-11,700.0,738.0,686.0,738.0,"65,770.00"
45518,EBL,2020-03-12,724.0,738.0,702.0,706.0,"51,067.00"
45544,EBL,2020-03-15,712.0,712.0,650.0,652.0,"65,534.00"
45570,EBL,2020-03-16,650.0,678.0,641.0,656.0,"45,835.00"
45596,EBL,2020-03-17,665.0,670.0,632.0,640.0,"50,623.00"
45622,EBL,2020-03-18,633.0,648.0,594.0,620.0,"37,433.00"
45648,EBL,2020-03-19,608.0,645.0,590.0,630.0,"43,107.00"
45674,EBL,2020-03-22,618.0,620.0,606.0,612.0,"5,866.00"
45699,EBL,2020-05-12,600.0,600.0,594.0,594.0,320.00
45720,EBL,2020-05-13,583.0,583.0,577.0,577.0,100.00
45741,EBL,2020-06-29,566.0,566.0,520.0,561.0,"16,005.00"
45767,EBL,2020-06-30,560.0,609.0,560.0,609.0,"2,524.00"
45793,EBL,2020-07-01,621.0,669.0,621.0,668.0,"11,225.00"
45819,EBL,2020-07-02,680.0,680.0,623.0,623.0,"17,469.00"
45845,EBL,2020-07-05,623.0,635.0,601.0,630.0,"19,370.00"
45871,EBL,2020-07-06,630.0,640.0,620.0,640.0,"12,727.00"
45897,EBL,2020-07-07,652.0,672.0,644.0,661.0,"25,857.00"
45923,EBL,2020-07-08,665.0,670.0,650.0,660.0,"17,497.00"
45949,EBL,2020-07-09,647.0,660.0,647.0,654.0,"18,410.00"
45975,EBL,2020-07-12,667.0,667.0,654.0,654.0,"14,973.00"
46001,EBL,2020-07-13,686.0,686.0,658.0,663.0,"11,375.00"
46027,EBL,2020-07-14,652.0,669.0,652.0,663.0,"14,617.00"
46053,EBL,2020-07-15,668.0,693.0,660.0,675.0,"43,128.00"
46079,EBL,2020-07-16,682.0,697.0,681.0,693.0,"30,949.00"
46105,EBL,2020-07-19,725.0,762.0,725.0,762.0,674.00
46131,EBL,2020-07-20,800.0,835.0,764.0,771.0,"87,498.00"
46157,EBL,2020-07-21,771.0,780.0,750.0,767.0,"46,784.00"
46183,EBL,2020-07-22,775.0,775.0,750.0,755.0,"37,256.00"
46209,EBL,2020-07-23,746.0,762.0,740.0,759.0,"36,388.00"
46235,EBL,2020-07-26,774.0,774.0,757.0,769.0,"26,268.00"
46261,EBL,2020-07-27,771.0,782.0,769.0,770.0,"33,183.00"
46287,EBL,2020-07-28,765.0,770.0,757.0,765.0,"23,246.00"
46313,EBL,2020-07-29,727.0,757.0,727.0,748.0,"43,196.00"
46339,EBL,2020-07-30,750.0,756.0,739.0,754.0,"23,942.00"
46365,EBL,2020-08-02,740.0,745.0,725.0,730.0,"38,890.00"
46391,EBL,2020-08-03,719.0,734.0,706.0,734.0,"32,457.00"
46417,EBL,2020-08-05,730.0,745.0,710.0,721.0,"26,135.00"
46443,EBL,2020-08-06,729.0,729.0,708.0,717.0,"15,448.00"
46469,EBL,2020-08-09,706.0,718.0,700.0,718.0,"14,862.00"
46495,EBL,2020-08-10,718.0,741.0,717.0,735.0,"25,556.00"
46521,EBL,2020-08-11,740.0,745.0,725.0,725.0,"23,489.00"
46547,EBL,2020-08-12,725.0,734.0,718.0,730.0,"15,587.00"
46573,EBL,2020-08-13,730.0,730.0,718.0,725.0,"21,518.00"
46599,EBL,2020-08-16,713.0,719.0,707.0,712.0,"26,192.00"
46625,EBL,2020-08-17,720.0,720.0,707.0,713.0,"10,939.00"
46651,EBL,2020-08-18,714.0,719.0,713.0,717.0,"24,756.00"
46677,EBL,2020-08-19,705.0,714.0,705.0,709.0,"11,798.00"
46703,EBL,2020-08-20,709.0,717.0,703.0,710.0,"6,260.00"
46729,EBL,2020-08-23,723.0,723.0,708.0,713.0,"10,729.00"
46755,EBL,2020-08-24,719.0,726.0,716.0,720.0,"14,184.00"
46781,EBL,2020-08-25,729.0,729.0,718.0,720.0,"11,127.00"
46807,EBL,2020-08-26,729.0,743.0,719.0,731.0,"30,013.00"
46833,EBL,2020-08-27,732.0,741.0,730.0,730.0,"12,725.00"
46859,EBL,2020-08-30,728.0,728.0,716.0,726.0,"4,510.00"
46885,EBL,2020-08-31,737.0,737.0,725.0,729.0,"31,676.00"
46911,EBL,2020-09-02,735.0,752.0,730.0,744.0,"65,830.00"
46937,EBL,2020-09-03,744.0,753.0,735.0,748.0,"25,366.00"
46963,EBL,2020-09-06,757.0,765.0,735.0,736.0,"30,374.00"
46989,EBL,2020-09-07,726.0,735.0,721.0,724.0,"22,672.00"
47015,EBL,2020-09-08,734.0,735.0,716.0,725.0,"12,123.00"
47041,EBL,2020-09-09,720.0,727.0,711.0,723.0,"19,782.00"
47067,EBL,2020-09-10,725.0,735.0,720.0,722.0,"17,505.00"
47093,EBL,2020-09-13,721.0,736.0,711.0,735.0,"100,536.00"
47119,EBL,2020-09-14,740.0,746.0,736.0,736.0,"28,557.00"
47145,EBL,2020-09-15,739.0,742.0,725.0,731.0,"23,366.00"
47171,EBL,2020-09-16,728.0,733.0,722.0,732.0,"19,331.00"
47197,EBL,2020-09-17,732.0,745.0,727.0,741.0,"40,742.00"
47223,EBL,2020-09-20,755.0,760.0,744.0,750.0,"43,675.00"
47249,EBL,2020-09-21,755.0,755.0,741.0,741.0,"23,841.00"
47275,EBL,2020-09-22,745.0,745.0,731.0,733.0,"22,895.00"
47301,EBL,2020-09-23,733.0,736.0,725.0,730.0,"18,384.00"
47327,EBL,2020-09-24,730.0,733.0,724.0,729.0,"15,955.00"
47353,EBL,2020-09-27,739.0,739.0,726.0,732.0,"19,903.00"
47379,EBL,2020-09-28,726.0,735.0,726.0,732.0,"12,493.00"
47405,EBL,2020-09-29,729.0,730.0,722.0,724.0,"15,563.00"
47431,EBL,2020-09-30,730.0,730.0,719.0,720.0,"10,455.00"
47457,EBL,2020-10-01,734.0,734.0,720.0,728.0,"8,997.00"
47483,EBL,2020-10-04,735.0,735.0,728.0,728.0,"19,676.00"
47509,EBL,2020-10-05,739.0,739.0,726.0,728.0,"20,608.00"
47535,EBL,2020-10-06,721.0,732.0,721.0,728.0,"15,501.00"
47561,EBL,2020-10-07,725.0,728.0,720.0,722.0,"28,314.00"
47587,EBL,2020-10-08,730.0,730.0,720.0,721.0,"27,508.00"
47613,EBL,2020-10-11,721.0,724.0,715.0,715.0,"23,452.00"
47639,EBL,2020-10-12,725.0,725.0,709.0,720.0,"25,652.00"
47665,EBL,2020-10-13,719.0,720.0,715.0,717.0,"13,813.00"
47691,EBL,2020-10-14,715.0,717.0,709.0,713.0,"23,973.00"
47717,EBL,2020-10-15,715.0,720.0,710.0,711.0,"12,510.00"
47743,EBL,2020-10-18,720.0,721.0,702.0,704.0,"19,357.00"
47769,EBL,2020-10-19,704.0,709.0,704.0,705.0,"21,896.00"
47795,EBL,2020-10-20,710.0,714.0,704.0,705.0,"33,234.00"
47821,EBL,2020-10-21,718.0,719.0,707.0,712.0,"52,538.00"
47847,EBL,2020-10-22,719.0,720.0,709.0,718.0,"67,195.00"
47873,EBL,2020-10-28,725.0,739.0,725.0,739.0,"62,214.00"
47899,EBL,2020-10-29,748.0,754.0,738.0,740.0,"43,927.00"
47925,EBL,2020-11-01,748.0,748.0,720.0,722.0,"43,319.00"
47951,EBL,2020-11-02,719.0,726.0,714.0,718.0,"36,948.00"
47977,EBL,2020-11-03,717.0,720.0,712.0,718.0,"23,898.00"
48003,EBL,2020-11-04,722.0,730.0,716.0,717.0,"16,992.00"
48029,EBL,2020-11-05,700.0,700.0,674.0,675.0,"240,946.00"
48055,EBL,2020-11-08,670.0,682.0,669.0,671.0,"60,053.00"
48081,EBL,2020-11-09,638.0,659.0,638.0,647.0,"149,413.00"
48107,EBL,2020-11-10,645.0,663.0,640.0,652.0,"76,332.00"
48133,EBL,2020-11-11,655.0,659.0,651.0,653.0,"82,988.00"
48159,EBL,2020-11-12,660.0,666.0,653.0,661.0,"70,926.00"
48185,EBL,2020-11-18,661.0,661.0,654.0,658.0,"43,537.00"
48211,EBL,2020-11-19,658.0,659.0,650.0,652.0,"84,246.00"
48237,EBL,2020-11-22,654.0,670.0,654.0,665.0,"116,451.00"
48263,EBL,2020-11-23,675.0,677.0,660.0,662.0,"46,703.00"
48289,EBL,2020-11-24,662.0,670.0,660.0,666.0,"48,049.00"
48315,EBL,2020-11-25,670.0,682.0,662.0,681.0,"64,816.00"
48341,EBL,2020-11-26,690.0,715.0,686.0,699.0,"121,320.00"
48367,EBL,2020-11-29,712.0,760.0,706.0,744.0,"200,518.00"
48393,EBL,2020-11-30,757.0,758.0,722.0,726.0,"134,895.00"
48419,EBL,2020-12-01,712.0,724.0,703.0,705.0,"71,533.00"
48445,EBL,2020-12-02,710.0,712.0,699.0,706.0,"77,551.00"
48471,EBL,2020-12-03,710.0,724.0,701.0,702.0,"92,338.00"
48497,EBL,2020-12-06,700.0,702.0,684.0,684.0,"62,570.00"
48523,EBL,2020-12-07,680.0,705.0,677.0,702.0,"58,068.00"
48549,EBL,2020-12-08,710.0,710.0,686.0,691.0,"37,715.00"
48575,EBL,2020-12-09,678.0,690.0,675.0,677.0,"51,416.00"
48601,EBL,2020-12-10,669.0,686.0,665.0,686.0,"28,701.00"
48627,EBL,2020-12-13,694.0,710.0,688.0,709.0,"67,817.00"
48653,EBL,2020-12-14,714.0,720.0,700.0,714.0,"71,100.00"
48679,EBL,2020-12-15,745.0,745.0,703.0,708.0,"46,551.00"
48705,EBL,2020-12-16,740.0,740.0,700.0,704.0,"41,759.00"
48731,EBL,2020-12-17,700.0,710.0,698.0,706.0,"66,712.00"
48757,EBL,2020-12-20,706.0,706.0,683.0,686.0,"94,760.00"
48783,EBL,2020-12-21,679.0,700.0,666.0,687.0,"70,394.00"
48809,EBL,2020-12-22,700.0,715.0,697.0,714.0,"111,357.00"
48835,EBL,2020-12-23,719.0,740.0,697.0,714.0,"107,334.00"
48861,EBL,2020-12-24,745.0,745.0,708.0,715.0,"74,155.00"
48887,EBL,2020-12-27,690.0,694.0,680.0,681.0,"63,772.00"
48913,EBL,2020-12-28,681.0,685.0,670.0,680.0,"34,621.00"
48939,EBL,2020-12-29,690.0,690.0,671.0,672.0,"21,751.00"
48965,EBL,2020-12-30,672.0,720.0,672.0,720.0,"121,502.00"
48991,EBL,2020-12-31,725.0,792.0,725.0,768.0,"311,306.00"
49017,EBL,2021-01-03,790.0,825.0,783.0,822.0,"238,060.00"
49043,EBL,2021-01-04,835.0,835.0,777.0,794.0,"173,915.00"
49069,EBL,2021-01-05,793.0,793.0,770.0,780.0,"71,975.00"
49095,EBL,2021-01-06,775.0,790.0,769.0,773.0,"64,056.00"
49121,EBL,2021-01-07,785.0,790.0,773.0,783.0,"75,375.00"
49147,EBL,2021-01-10,744.0,799.0,744.0,782.0,"60,149.00"
49173,EBL,2021-01-11,779.0,809.0,773.0,794.0,"129,139.00"
49199,EBL,2021-01-12,795.0,809.0,790.0,806.0,"85,527.00"
49225,EBL,2021-01-13,814.0,816.0,803.0,803.0,"78,532.00"
49251,EBL,2021-01-17,815.0,849.0,810.0,836.0,"148,906.00"
49277,EBL,2021-01-18,848.0,852.0,833.0,835.0,"129,661.00"
49303,EBL,2021-01-19,836.0,842.0,813.0,821.0,"91,813.00"
49329,EBL,2021-01-20,815.0,819.0,807.0,809.0,"62,063.00"
49355,EBL,2021-01-21,810.0,815.0,802.0,805.0,"72,165.00"
49381,EBL,2021-01-24,810.0,825.0,804.0,823.0,"94,462.00"
49407,EBL,2021-01-25,822.0,839.0,811.0,833.0,"108,014.00"
49433,EBL,2021-01-26,835.0,835.0,815.0,816.0,"56,652.00"
49459,EBL,2021-01-27,818.0,830.0,810.0,820.0,"77,835.00"
49485,EBL,2021-01-28,804.0,811.0,790.0,790.0,"144,917.00"
49511,EBL,2021-01-31,785.0,785.0,765.0,770.0,"114,235.00"
49537,EBL,2021-02-01,770.0,784.0,766.0,772.0,"109,978.00"
49563,EBL,2021-02-02,780.0,800.0,770.0,800.0,"81,112.00"
49589,EBL,2021-02-03,814.0,816.0,780.0,782.0,"51,488.00"
49615,EBL,2021-02-04,790.0,790.0,768.0,774.0,"51,579.00"
49641,EBL,2021-02-07,779.0,779.0,766.0,776.0,"64,203.00"
49667,EBL,2021-02-08,779.0,803.0,774.0,792.0,"71,627.00"
49693,EBL,2021-02-09,807.0,820.0,775.0,782.0,"44,848.00"
49719,EBL,2021-02-10,790.0,797.0,770.0,779.0,"37,489.00"
49745,EBL,2021-02-11,780.0,798.0,778.0,785.0,"72,238.00"
49771,EBL,2021-02-14,789.0,790.0,775.0,775.0,"51,502.00"
49797,EBL,2021-02-15,790.0,800.0,779.0,797.0,"93,653.00"
49823,EBL,2021-02-16,805.0,808.0,781.0,791.0,"104,697.00"
49849,EBL,2021-02-17,830.0,830.0,789.0,814.0,"185,645.00"
49875,EBL,2021-02-18,854.0,854.0,810.0,838.0,"267,682.00"
49901,EBL,2021-02-21,850.0,850.0,827.0,834.0,"119,367.00"
49927,EBL,2021-02-22,838.0,838.0,808.0,813.0,"140,427.00"
49953,EBL,2021-02-23,805.0,821.0,791.0,816.0,"68,861.00"
49979,EBL,2021-02-24,809.0,864.0,804.0,832.0,"205,223.00"
50005,EBL,2021-02-25,832.0,832.0,801.0,805.0,"105,579.00"
50031,EBL,2021-02-28,805.0,805.0,776.0,781.0,"96,593.00"
50057,EBL,2021-03-01,781.0,799.0,768.0,789.0,"71,567.00"
