"Symbol","Date","Open","High","Low","Close","Percent Change","Volume"
"SBI","2015-01-01","930","960","914","960","3.23","838"
"SBI","2015-01-04","960","960","950","950","-1.04","668"
"SBI","2015-01-05","950","956","951","951","0.11","1041"
"SBI","2015-01-06","951","955","945","950","-0.11","3244"
"SBI","2015-01-07","950","942","906","934","-1.68","1066"
"SBI","2015-01-08","934","954","950","954","2.14","1471"
"SBI","2015-01-11","954","950","941","946","-0.84","2009"
"SBI","2015-01-12","946","935","932","932","-1.48","670"
"SBI","2015-01-13","932","944","935","944","1.29","1024"
"SBI","2015-01-14","944","960","950","950","0.64","988"
"SBI","2015-01-18","950","969","952","952","0.21","1267"
"SBI","2015-01-19","952","991","971","989","3.89","1691"
"SBI","2015-01-20","989","975","951","953","-3.64","1350"
"SBI","2015-01-22","953","955","936","955","0.21","953"
"SBI","2015-01-25","955","975","955","975","2.09","1520"
"SBI","2015-01-26","975","976","976","976","0.10","54"
"SBI","2015-01-27","976","999","982","982","0.61","1487"
"SBI","2015-01-28","982","1002","1000","1000","1.83","193"
"SBI","2015-01-29","1000","1005","996","997","-0.30","2417"
"SBI","2015-02-01","997","1008","995","1000","0.30","1717"
"SBI","2015-02-02","1000","1009","995","999","-0.10","5332"
"SBI","2015-02-03","999","1000","980","981","-1.80","667"
"SBI","2015-02-04","981","1000","981","997","1.63","1327"
"SBI","2015-02-05","997","1000","984","984","-1.30","1636"
"SBI","2015-02-08","984","994","980","994","1.02","1512"
"SBI","2015-02-09","994","1004","988","989","-0.50","1128"
"SBI","2015-02-10","989","983","975","980","-0.91","4832"
"SBI","2015-02-11","980","980","980","980","0.00","110"
"SBI","2015-02-12","980","990","972","980","0.00","2032"
"SBI","2015-02-15","980","981","975","975","-0.51","1223"
"SBI","2015-02-16","975","980","970","977","0.21","2771"
"SBI","2015-02-19","977","975","964","965","-1.23","1867"
"SBI","2015-02-22","965","950","950","950","-1.55","22"
"SBI","2015-02-23","950","952","930","952","0.21","4454"
"SBI","2015-02-24","952","965","945","960","-0.63","2248"
"SBI","2015-02-25","946","950","950","950","0.42","45"
"SBI","2015-02-26","950","950","950","950","0.00","200"
"SBI","2015-03-01","940","935","913","935","-0.53","2129"
"SBI","2015-03-02","935","950","925","950","1.60","7682"
"SBI","2015-03-03","950","942","931","940","-1.05","242"
"SBI","2015-03-04","940","945","940","940","0.00","545"
"SBI","2015-03-09","940","940","924","940","0.00","1645"
"SBI","2015-03-10","940","950","940","940","0.00","439"
"SBI","2015-03-12","940","932","932","932","-0.85","100"
"SBI","2015-03-15","932","930","922","922","-1.07","2858"
"SBI","2015-03-16","922","921","920","920","-0.22","477"
"SBI","2015-03-17","920","928","918","921","0.11","2112"
"SBI","2015-03-18","921","923","905","923","0.22","514"
"SBI","2015-03-19","923","928","921","927","0.43","2109"
"SBI","2015-03-22","927","925","910","910","-1.83","798"
"SBI","2015-03-23","910","921","915","921","1.21","320"
"SBI","2015-03-24","921","920","911","920","-0.11","3920"
"SBI","2015-03-25","920","916","906","909","-1.20","2106"
"SBI","2015-03-26","909","912","911","912","0.33","110"
"SBI","2015-03-29","912","915","900","900","-1.32","12965"
"SBI","2015-03-30","900","905","900","900","0.00","1045"
"SBI","2015-03-31","900","916","900","902","0.22","1413"
"SBI","2015-04-02","902","901","900","901","-0.11","1029"
"SBI","2015-04-05","901","901","890","890","-1.22","2120"
"SBI","2015-04-06","890","907","895","900","1.12","8752"
"SBI","2015-04-07","900","904","900","904","0.44","936"
"SBI","2015-04-08","904","922","915","920","1.77","829"
"SBI","2015-04-09","920","925","920","920","0.00","768"
"SBI","2015-04-12","920","915","905","913","-0.76","1133"
"SBI","2015-04-13","913","906","900","901","-1.31","2137"
"SBI","2015-04-15","901","925","900","900","-0.11","739"
"SBI","2015-04-16","900","906","873","906","0.67","332"
"SBI","2015-04-19","906","910","900","904","-0.22","2209"
"SBI","2015-04-20","904","915","891","900","-0.44","4424"
"SBI","2015-04-21","900","915","900","900","0.00","2631"
"SBI","2015-04-22","900","890","886","890","-1.11","412"
"SBI","2015-04-23","890","907","890","890","0.00","560"
"SBI","2015-05-25","890","873","801","801","-10.00","110"
"SBI","2015-05-26","801","816","784","788","-1.62","4099"
"SBI","2015-05-27","788","790","765","765","-2.92","3304"
"SBI","2015-05-28","765","778","740","770","0.65","2877"
"SBI","2015-05-31","770","840","785","820","6.49","2854"
"SBI","2015-06-01","820","873","820","849","3.54","2183"
"SBI","2015-06-02","849","855","817","825","-2.83","4168"
"SBI","2015-06-03","825","885","840","880","6.67","3467"
"SBI","2015-06-04","880","897","860","879","-0.11","11213"
"SBI","2015-06-07","879","896","870","890","1.25","2499"
"SBI","2015-06-08","890","918","895","910","2.25","3447"
"SBI","2015-06-09","910","946","915","920","1.10","3872"
"SBI","2015-06-10","920","920","895","915","-0.54","4499"
"SBI","2015-06-11","915","932","890","900","-1.64","1793"
"SBI","2015-06-14","900","890","882","883","-1.89","364"
"SBI","2015-06-16","883","900","870","900","1.93","5060"
"SBI","2015-06-17","900","895","885","890","-1.11","3852"
"SBI","2015-06-18","890","893","880","893","0.34","758"
"SBI","2015-06-21","893","880","875","880","-1.46","2701"
"SBI","2015-06-22","880","897","878","890","1.14","710"
"SBI","2015-06-23","888","889","885","885","-0.56","2563"
"SBI","2015-06-24","886","891","886","891","0.68","1620"
"SBI","2015-06-25","895","903","891","891","0.00","3155"
"SBI","2015-06-28","890","896","890","891","0.00","1399"
"SBI","2015-06-29","908","908","895","896","0.56","1720"
"SBI","2015-06-30","898","898","890","891","-0.56","451"
"SBI","2015-07-01","908","912","896","900","1.01","1974"
"SBI","2015-07-02","899","899","891","895","-0.56","2546"
"SBI","2015-07-05","899","900","895","900","0.56","2707"
"SBI","2015-07-06","891","903","890","901","0.11","8839"
"SBI","2015-07-07","890","902","890","902","0.11","5313"
"SBI","2015-07-08","905","905","895","895","-0.78","5840"
"SBI","2015-07-09","900","900","890","893","-0.22","2346"
"SBI","2015-07-12","894","894","890","891","-0.34","520"
"SBI","2015-07-13","880","894","879","890","0.00","9353"
"SBI","2015-07-14","890","895","885","885","-0.56","1926"
"SBI","2015-07-15","890","890","890","890","0.56","1800"
"SBI","2015-07-16","890","890","885","887","-0.34","2715"
"SBI","2015-07-22","900","910","899","910","2.59","888"
"SBI","2015-07-23","910","992","900","988","8.57","4996"
"SBI","2015-07-26","988","1047","1007","1047","5.97","30"
"SBI","2015-07-27","1047","1151","1067","1110","6.02","42756"
"SBI","2015-07-28","1110","1122","1050","1088","-1.98","9775"
"SBI","2015-07-29","1088","1122","1067","1102","1.29","10439"
"SBI","2015-07-30","1102","1145","1101","1130","2.54","17289"
"SBI","2015-08-02","1130","1150","1131","1142","1.06","7405"
"SBI","2015-08-03","1142","1144","1120","1137","-0.44","7820"
"SBI","2015-08-04","1137","1160","1124","1130","-0.62","9155"
"SBI","2015-08-05","1130","1130","1115","1130","0.00","4699"
"SBI","2015-08-06","1130","1171","1130","1139","0.80","11276"
"SBI","2015-08-09","1139","1215","1161","1200","5.36","26597"
"SBI","2015-08-10","1200","1256","1180","1250","4.17","30762"
"SBI","2015-08-11","1250","1290","1250","1257","0.56","18681"
"SBI","2015-08-12","1250","1257","1225","1257","0.00","19602"
"SBI","2015-08-13","1257","1277","1248","1267","0.79","19312"
"SBI","2015-08-16","1270","1351","1260","1315","3.79","18004"
"SBI","2015-08-17","1341","1446","1341","1446","9.96","14219"
"SBI","2015-08-18","1435","1475","1400","1461","1.04","13436"
"SBI","2015-08-19","1470","1525","1470","1525","4.38","14336"
"SBI","2015-08-20","1550","1642","1550","1602","5.05","16133"
"SBI","2015-08-23","1582","1620","1530","1590","-0.75","7310"
"SBI","2015-08-24","1595","1595","1576","1580","-0.63","3584"
"SBI","2015-08-25","1568","1575","1525","1559","-1.33","2568"
"SBI","2015-08-26","1550","1555","1536","1554","-0.32","3781"
"SBI","2015-08-27","1544","1544","1492","1492","-3.99","4962"
"SBI","2015-08-31","1470","1570","1470","1570","5.23","7363"
"SBI","2015-09-01","1570","1565","1520","1520","-3.18","6882"
"SBI","2015-09-02","1510","1525","1503","1525","0.33","5465"
"SBI","2015-09-03","1505","1515","1491","1514","-0.66","8541"
"SBI","2015-09-06","1515","1535","1472","1518","0.20","13866"
"SBI","2015-09-07","1525","1530","1511","1520","0.13","2495"
"SBI","2015-09-08","1520","1530","1500","1515","-0.33","712"
"SBI","2015-09-09","1529","1544","1513","1544","1.91","3664"
"SBI","2015-09-10","1525","1525","1501","1523","-1.36","2537"
"SBI","2015-09-13","1520","1555","1520","1555","2.10","10708"
"SBI","2015-09-14","1580","1580","1549","1550","-0.32","3682"
"SBI","2015-09-15","1535","1565","1535","1565","0.97","3539"
"SBI","2015-09-16","1565","1575","1540","1541","-1.53","2656"
"SBI","2015-09-17","1540","1540","1525","1530","-0.71","2229"
"SBI","2015-09-22","1500","1501","1470","1480","-3.27","8459"
"SBI","2015-09-23","1509","1509","1499","1505","1.69","3646"
"SBI","2015-09-24","1500","1510","1490","1500","-0.33","3578"
"SBI","2015-09-28","1480","1488","1410","1469","-2.07","6291"
"SBI","2015-09-29","1460","1498","1460","1488","1.29","941"
"SBI","2015-09-30","1499","1520","1499","1510","1.48","3312"
"SBI","2015-10-01","1515","1570","1511","1515","0.33","6184"
"SBI","2015-10-04","1500","1525","1500","1520","0.33","6174"
"SBI","2015-10-05","1500","1515","1490","1500","-1.32","2989"
"SBI","2015-10-06","1500","1501","1483","1487","-0.87","7809"
"SBI","2015-10-07","1466","1481","1460","1479","-0.40","6190"
"SBI","2015-10-08","1471","1500","1465","1500","1.28","1900"
"SBI","2015-10-11","1500","1500","1450","1454","-3.07","3199"
"SBI","2015-10-14","1432","1432","1410","1410","-3.03","3826"
"SBI","2015-10-15","1385","1400","1360","1400","-0.71","2171"
"SBI","2015-10-18","1399","1400","1345","1350","-3.93","1369"
"SBI","2015-10-19","1345","1350","1334","1335","-0.74","4551"
"SBI","2015-10-25","1315","1340","1309","1340","0.37","2778"
"SBI","2015-10-27","1340","1340","1280","1280","-4.48","2945"
"SBI","2015-10-28","1260","1298","1203","1298","1.41","4408"
"SBI","2015-10-29","1295","1315","1270","1302","0.31","3633"
"SBI","2015-11-01","1281","1290","1270","1285","-1.31","1834"
"SBI","2015-11-02","1285","1310","1281","1281","-0.31","2504"
"SBI","2015-11-03","1268","1300","1268","1295","1.48","2463"
"SBI","2015-11-04","1295","1340","1290","1337","2.85","5045"
"SBI","2015-11-05","1330","1340","1325","1331","-0.45","2378"
"SBI","2015-11-08","1310","1312","1305","1305","-1.95","2564"
"SBI","2015-11-09","1330","1350","1330","1350","3.45","1941"
"SBI","2015-11-10","1324","1350","1324","1350","0.00","1646"
"SBI","2015-11-15","1345","1375","1325","1354","0.30","1527"
"SBI","2015-11-16","1335","1335","1320","1320","-2.51","1036"
"SBI","2015-11-18","1340","1360","1330","1339","1.44","3688"
"SBI","2015-11-19","1330","1362","1322","1362","1.72","1179"
"SBI","2015-11-22","1340","1340","1280","1300","-4.55","3362"
"SBI","2015-11-23","1280","1301","1240","1301","0.08","3839"
"SBI","2015-11-24","1300","1302","1283","1300","-0.08","5684"
"SBI","2015-11-25","1300","1303","1280","1282","-1.38","9201"
"SBI","2015-11-26","1270","1270","1250","1265","-1.33","13116"
"SBI","2015-11-29","1260","1260","1205","1221","-3.48","8120"
"SBI","2015-11-30","1245","1265","1220","1235","1.15","3730"
"SBI","2015-12-01","1235","1290","1250","1290","4.45","2427"
"SBI","2015-12-02","1310","1310","1231","1256","-2.64","6739"
"SBI","2015-12-03","1256","1305","1256","1303","3.74","6105"
"SBI","2015-12-04","1325","1377","1310","1370","5.14","5641"
"SBI","2015-12-07","1390","1410","1376","1398","2.04","8794"
"SBI","2015-12-08","1371","1410","1362","1403","0.36","8751"
"SBI","2015-12-09","1431","1431","1390","1398","-0.93","2778"
"SBI","2015-12-10","1400","1400","1383","1395","0.36","2935"
"SBI","2015-12-13","1400","1414","1385","1400","0.36","4078"
"SBI","2015-12-14","1400","1400","1375","1395","-0.36","1936"
"SBI","2015-12-15","1375","1390","1375","1385","-0.72","775"
"SBI","2015-12-16","1380","1380","1366","1368","-1.23","2668"
"SBI","2015-12-17","1370","1370","1356","1361","-0.51","8197"
"SBI","2015-12-20","1361","1497","1388","1497","9.99","2242"
"SBI","2015-12-21","1497","1646","1526","1528","2.07","33718"
"SBI","2015-12-22","1525","1525","1495","1500","-1.83","6821"
"SBI","2015-12-23","1500","1519","1471","1482","-1.20","6938"
"SBI","2015-12-24","1480","1495","1473","1490","0.54","4642"
"SBI","2015-12-25","1491","1496","1471","1471","-1.28","2647"
"SBI","2015-12-28","1471","1475","1465","1465","-0.41","1538"
"SBI","2015-12-29","1465","1485","1460","1470","0.34","3986"
"SBI","2015-12-31","1490","1495","1470","1490","1.36","6257"
"SBI","2016-01-03","1490","1518","1490","1503","0.87","11260"
"SBI","2016-01-04","1503","1510","1500","1500","-0.20","7476"
"SBI","2016-01-05","1498","1499","1485","1485","-1.00","1924"
"SBI","2016-01-06","1500","1506","1495","1495","0.67","3170"
"SBI","2016-01-07","1500","1505","1495","1500","0.33","4282"
"SBI","2016-01-10","1500","1540","1505","1535","2.33","12259"
"SBI","2016-01-11","1536","1549","1533","1549","0.91","14291"
"SBI","2016-01-12","1555","1566","1550","1557","0.52","13515"
"SBI","2016-01-13","1557","1574","1560","1560","0.19","8461"
"SBI","2016-01-14","1560","1570","1560","1565","0.32","9953"
"SBI","2016-01-17","1556","1590","1556","1579","0.89","9472"
"SBI","2016-01-18","1585","1620","1580","1589","0.63","28225"
"SBI","2016-01-19","1251","1268","1226","1260","0.72","7071"
"SBI","2016-01-20","1270","1274","1266","1270","0.79","14859"
"SBI","2016-01-21","1270","1285","1272","1280","0.79","8781"
"SBI","2016-01-24","1280","1280","1273","1275","-0.39","6737"
"SBI","2016-01-25","1276","1278","1268","1272","-0.24","4445"
"SBI","2016-01-26","1272","1280","1271","1273","0.08","3694"
"SBI","2016-01-27","1273","1275","1265","1265","-0.63","696"
"SBI","2016-01-28","1260","1278","1260","1270","0.40","1611"
"SBI","2016-01-31","1261","1280","1260","1270","0.00","1533"
"SBI","2016-02-01","1270","1310","1270","1300","2.36","6243"
"SBI","2016-02-02","1310","1341","1310","1310","0.77","24770"
"SBI","2016-02-03","1310","1333","1310","1320","0.76","12253"
"SBI","2016-02-04","1325","1359","1325","1350","2.27","18962"
"SBI","2016-02-07","1350","1444","1377","1442","6.81","21177"
"SBI","2016-02-08","1442","1480","1450","1455","0.90","11807"
"SBI","2016-02-11","1455","1480","1435","1458","0.21","1700"
"SBI","2016-02-14","1487","1487","1437","1440","-1.23","8552"
"SBI","2016-02-15","1435","1435","1405","1421","-1.32","4761"
"SBI","2016-02-16","1421","1430","1400","1419","-0.14","4816"
"SBI","2016-02-17","1419","1422","1400","1400","-1.34","5278"
"SBI","2016-02-18","1400","1445","1400","1440","2.86","3879"
"SBI","2016-02-21","1440","1440","1424","1430","-1.11","3172"
"SBI","2016-02-22","1420","1425","1401","1408","-1.12","5372"
"SBI","2016-02-23","1408","1440","1401","1415","0.50","6064"
"SBI","2016-02-24","1395","1417","1390","1417","0.14","4516"
"SBI","2016-02-25","1400","1407","1385","1407","-0.71","9129"
"SBI","2016-02-28","1407","1410","1400","1408","0.07","4149"
"SBI","2016-02-29","1408","1405","1390","1400","-0.57","3946"
"SBI","2016-03-01","1395","1419","1395","1408","0.57","2879"
"SBI","2016-03-02","1420","1425","1419","1425","1.21","1231"
"SBI","2016-03-03","1415","1415","1409","1410","-1.05","11534"
"SBI","2016-03-06","1411","1416","1405","1405","-0.35","13839"
"SBI","2016-03-10","1400","1430","1400","1420","1.07","6800"
"SBI","2016-03-13","1425","1440","1417","1417","-0.21","5477"
"SBI","2016-03-14","1441","1439","1408","1408","-0.64","1308"
"SBI","2016-03-15","1403","1420","1403","1415","0.50","2784"
"SBI","2016-03-16","1400","1418","1400","1409","-0.42","2011"
"SBI","2016-03-17","1420","1425","1410","1416","0.50","2839"
"SBI","2016-03-20","1416","1440","1400","1420","0.28","2401"
"SBI","2016-03-21","1420","1430","1400","1412","-0.56","3491"
"SBI","2016-03-23","1430","1455","1430","1440","1.98","8872"
"SBI","2016-03-24","1440","1483","1449","1475","2.43","28457"
"SBI","2016-03-27","1475","1560","1485","1540","4.41","28741"
"SBI","2016-03-28","1540","1555","1500","1538","-0.13","11304"
"SBI","2016-03-29","1535","1549","1525","1532","-0.39","6805"
"SBI","2016-03-30","1532","1525","1515","1515","-1.11","3636"
"SBI","2016-03-31","1515","1522","1507","1515","0.00","12952"
"SBI","2016-04-03","1515","1534","1490","1520","0.33","7179"
"SBI","2016-04-04","1520","1525","1508","1516","-0.26","2893"
"SBI","2016-04-05","1520","1535","1520","1523","0.46","4459"
"SBI","2016-04-06","1523","1525","1515","1515","-0.53","3141"
"SBI","2016-04-10","1515","1550","1520","1540","1.65","6344"
"SBI","2016-04-11","1540","1550","1530","1543","0.19","6677"
"SBI","2016-04-12","1543","1560","1542","1550","0.45","9402"
"SBI","2016-04-14","1550","1600","1550","1600","3.23","14305"
"SBI","2016-04-17","1610","1700","1600","1680","5.00","14184"
"SBI","2016-04-18","1680","1749","1683","1735","3.27","17424"
"SBI","2016-04-19","1735","1760","1700","1710","-1.44","10645"
"SBI","2016-04-20","1710","1735","1715","1715","0.29","24556"
"SBI","2016-04-21","1715","1729","1710","1726","0.64","32655"
"SBI","2016-04-24","1726","1790","1734","1780","3.13","14400"
"SBI","2016-04-25","1780","1795","1780","1789","0.51","6540"
"SBI","2016-04-26","1789","1800","1750","1752","-2.07","6095"
"SBI","2016-04-27","1752","1752","1735","1743","-0.51","5245"
"SBI","2016-04-28","1743","1760","1714","1760","0.98","9067"
"SBI","2016-05-02","1760","1770","1745","1764","0.23","15781"
"SBI","2016-05-03","1764","1780","1760","1780","0.91","21565"
"SBI","2016-05-04","1780","1775","1746","1772","-0.45","6766"
"SBI","2016-05-05","1772","1760","1750","1753","-1.07","5059"
"SBI","2016-05-08","1753","1765","1730","1755","0.11","5333"
"SBI","2016-05-09","1750","1771","1750","1769","0.80","9069"
"SBI","2016-05-10","1746","1764","1745","1752","-0.96","6842"
"SBI","2016-05-11","1752","1750","1740","1741","-0.63","1582"
"SBI","2016-05-12","1741","1741","1720","1720","-1.21","550"
"SBI","2016-05-15","1732","1740","1710","1725","-0.40","7577"
"SBI","2016-05-16","1725","1720","1710","1718","-0.41","2169"
"SBI","2016-05-17","1710","1750","1710","1740","1.28","7738"
"SBI","2016-05-18","1740","1775","1750","1775","2.01","10721"
"SBI","2016-05-19","1775","1790","1765","1770","-0.28","5102"
"SBI","2016-05-22","1770","1780","1770","1771","0.06","4135"
"SBI","2016-05-23","1771","1780","1730","1760","-0.62","5047"
"SBI","2016-05-24","1760","1820","1760","1799","2.22","7639"
"SBI","2016-05-25","1799","1825","1770","1780","-1.06","11178"
"SBI","2016-05-26","1780","1785","1745","1770","-0.56","4514"
"SBI","2016-05-29","1770","1795","1719","1765","-0.28","5955"
"SBI","2016-05-30","1765","1755","1740","1745","-1.13","4680"
"SBI","2016-05-31","1745","1750","1725","1726","-1.09","4751"
"SBI","2016-06-01","1726","1725","1690","1700","-1.51","8234"
"SBI","2016-06-02","1700","1715","1681","1715","0.88","5117"
"SBI","2016-06-05","1715","1690","1627","1650","-3.79","7015"
"SBI","2016-06-06","1650","1710","1675","1705","3.33","10774"
"SBI","2016-06-07","1700","1738","1700","1714","0.53","6647"
"SBI","2016-06-08","1714","1720","1705","1710","-0.23","1412"
"SBI","2016-06-09","1715","1715","1700","1702","-0.58","7230"
"SBI","2016-06-12","1700","1785","1700","1760","3.53","11734"
"SBI","2016-06-13","1760","1830","1760","1765","0.28","9559"
"SBI","2016-06-14","1799","1820","1768","1768","0.17","10138"
"SBI","2016-06-15","1755","1760","1735","1745","-1.30","6164"
"SBI","2016-06-16","1745","1752","1725","1740","-0.29","12140"
"SBI","2016-06-19","1740","1740","1700","1720","-1.15","20040"
"SBI","2016-06-20","1720","1740","1700","1720","0.00","7046"
"SBI","2016-06-21","1720","1740","1700","1740","1.16","14440"
"SBI","2016-06-22","1760","1794","1725","1745","0.29","9562"
"SBI","2016-06-23","1745","1799","1740","1790","2.58","17920"
"SBI","2016-06-26","1790","1945","1790","1889","5.53","29337"
"SBI","2016-06-27","1889","1980","1920","1975","4.55","44240"
"SBI","2016-06-28","1975","2020","1960","1985","0.51","38175"
"SBI","2016-06-29","1985","2000","1985","1996","0.55","21175"
"SBI","2016-06-30","1996","1988","1955","1960","-1.80","10623"
"SBI","2016-07-03","1960","1960","1930","1930","-1.53","19794"
"SBI","2016-07-04","1930","1948","1901","1909","-1.09","8161"
"SBI","2016-07-05","1901","1945","1901","1932","1.20","15071"
"SBI","2016-07-06","1945","1950","1935","1947","0.72","5711"
"SBI","2016-07-10","1946","1960","1933","1940","-0.31","8757"
"SBI","2016-07-11","1940","1961","1890","1912","-1.44","6931"
"SBI","2016-07-12","1912","1960","1827","1899","-0.68","8921"
"SBI","2016-07-13","1899","1900","1842","1850","-2.58","8697"
"SBI","2016-07-14","1815","1947","1815","1875","1.35","9874"
"SBI","2016-07-17","1875","1975","1885","1955","4.27","11272"
"SBI","2016-07-18","1955","1990","1964","1985","1.53","8012"
"SBI","2016-07-19","2010","2040","1975","2009","1.26","19390"
"SBI","2016-07-20","2022","2022","1960","1960","-2.49","11057"
"SBI","2016-07-21","1960","1985","1950","1975","0.77","8581"
"SBI","2016-07-25","1975","2040","1980","2040","3.29","16032"
"SBI","2016-07-26","2040","2121","2020","2070","1.47","17099"
"SBI","2016-07-27","2070","2104","2040","2088","0.87","28455"
"SBI","2016-07-28","2088","2100","2047","2085","-0.14","16386"
"SBI","2016-07-31","2085","2152","1965","2078","-0.34","11375"
"SBI","2016-08-01","2078","2140","2045","2061","-0.82","7593"
"SBI","2016-08-02","2061","2060","2015","2029","-1.55","7759"
"SBI","2016-08-03","2029","2060","1970","2000","-1.43","8765"
"SBI","2016-08-04","2000","1990","1882","1930","-3.50","10944"
"SBI","2016-08-07","1930","1975","1887","1930","0.00","15395"
"SBI","2016-08-08","1930","1900","1807","1807","-6.37","6030"
"SBI","2016-08-09","1843","1879","1843","1879","3.98","436"
"SBI","2016-08-10","1916","1960","1872","1940","3.25","12885"
"SBI","2016-08-11","1955","1975","1920","1930","-1.28","3638"
"SBI","2016-08-14","1929","1929","1817","1875","-2.85","5068"
"SBI","2016-08-15","1838","1838","1786","1800","-4.00","12661"
"SBI","2016-08-16","1770","1847","1740","1847","2.61","14378"
"SBI","2016-08-17","1812","1860","1812","1855","0.43","6861"
"SBI","2016-08-21","1892","1892","1813","1830","-1.35","3680"
"SBI","2016-08-22","1823","1823","1700","1700","-7.10","3075"
"SBI","2016-08-23","1730","1810","1700","1750","2.94","12073"
"SBI","2016-08-24","1785","1850","1730","1845","5.43","8872"
"SBI","2016-08-28","1860","1890","1843","1850","0.27","8091"
"SBI","2016-08-29","1850","1895","1840","1888","2.05","7211"
"SBI","2016-08-30","1901","1940","1900","1901","0.69","8429"
"SBI","2016-08-31","1915","1925","1915","1924","1.10","2234"
"SBI","2016-09-01","1920","1950","1920","1940","0.94","2660"
"SBI","2016-09-04","1902","2018","1902","1985","2.32","8142"
"SBI","2016-09-05","2000","2015","1990","2015","1.51","11041"
"SBI","2016-09-06","2000","2050","1950","2000","-0.74","10564"
"SBI","2016-09-07","1970","1993","1951","1975","-1.25","7168"
"SBI","2016-09-08","1975","1990","1960","1960","-0.76","7506"
"SBI","2016-09-11","1921","1948","1910","1945","-0.77","9935"
"SBI","2016-09-12","1921","1940","1921","1927","-0.93","3122"
"SBI","2016-09-14","1950","1950","1920","1933","0.31","9874"
"SBI","2016-09-18","1910","1920","1892","1907","-1.35","8483"
"SBI","2016-09-20","1893","1893","1870","1872","-1.84","6645"
"SBI","2016-09-21","1850","1900","1836","1880","0.43","3461"
"SBI","2016-09-22","1880","1895","1870","1870","-0.53","5406"
"SBI","2016-09-25","1880","1895","1870","1870","-0.53","5406"
"SBI","2016-09-26","1840","1880","1840","1859","1.53","5182"
"SBI","2016-09-27","1872","1872","1822","1846","-0.70","4425"
"SBI","2016-09-28","1850","1879","1850","1872","1.41","3514"
"SBI","2016-09-29","1880","1940","1873","1940","3.63","12873"
"SBI","2016-10-02","1940","1978","1926","1978","1.96","8502"
"SBI","2016-10-03","1978","1985","1926","1940","-1.97","7271"
"SBI","2016-10-04","1977","2055","1921","1930","-0.46","16130"
"SBI","2016-10-05","1925","1925","1889","1920","-0.52","7147"
"SBI","2016-10-06","1955","1955","1917","1935","0.78","13260"
"SBI","2016-10-16","1905","1935","1905","1934","0.00","3530"
"SBI","2016-10-17","1935","1935","1883","1883","-2.69","9293"
"SBI","2016-10-18","1900","1900","1875","1881","-0.11","1940"
"SBI","2016-10-19","1870","1895","1870","1885","0.21","2861"
"SBI","2016-10-20","1885","1899","1874","1889","0.21","5892"
"SBI","2016-10-23","1885","1890","1868","1868","-1.11","4805"
"SBI","2016-10-24","1870","1868","1815","1855","-0.70","5605"
"SBI","2016-10-25","1845","1845","1780","1780","-4.04","6585"
"SBI","2016-10-26","1790","1795","1745","1785","0.28","5053"
"SBI","2016-10-27","1760","1795","1760","1790","0.28","3041"
"SBI","2016-11-03","1760","1794","1760","1776","-0.78","1992"
"SBI","2016-11-07","1775","1775","1728","1731","-2.70","2780"
"SBI","2016-11-08","1730","1730","1700","1709","-1.10","6685"
"SBI","2016-11-09","1681","1702","1617","1690","-1.11","4740"
"SBI","2016-11-10","1700","1720","1670","1694","0.24","5180"
"SBI","2016-11-13","1675","1690","1675","1690","-0.24","9059"
"SBI","2016-11-14","1690","1690","1664","1670","-1.18","4789"
"SBI","2016-11-15","1680","1680","1658","1665","-0.30","3340"
"SBI","2016-11-16","1657","1665","1640","1660","-0.30","17686"
"SBI","2016-11-17","1650","1650","1590","1595","-3.92","10512"
"SBI","2016-11-20","1573","1573","1480","1492","-6.46","12340"
"SBI","2016-11-21","1495","1520","1460","1505","0.87","14519"
"SBI","2016-11-22","1480","1518","1480","1498","-0.47","9731"
"SBI","2016-11-23","1498","1498","1444","1449","-3.27","10230"
"SBI","2016-11-24","1450","1485","1420","1445","-0.28","13308"
"SBI","2016-11-27","1450","1450","1399","1407","-2.63","11795"
"SBI","2016-11-28","1380","1456","1335","1445","2.70","10612"
"SBI","2016-11-29","1441","1570","1400","1556","7.68","26370"
"SBI","2016-11-30","1587","1695","1587","1695","8.93","20896"
"SBI","2016-12-01","1662","1715","1647","1667","-1.65","11945"
"SBI","2016-12-04","1650","1650","1590","1605","-3.72","10623"
"SBI","2016-12-05","1605","1620","1545","1545","-3.74","16070"
"SBI","2016-12-06","1545","1560","1510","1551","0.39","6234"
"SBI","2016-12-07","1550","1560","1540","1550","-0.06","3324"
"SBI","2016-12-08","1560","1565","1535","1550","0.00","2973"
"SBI","2016-12-11","1539","1545","1514","1520","-1.93","4128"
"SBI","2016-12-12","1520","1520","1470","1490","-1.97","6883"
"SBI","2016-12-14","1500","1505","1454","1476","-0.94","4715"
"SBI","2016-12-15","1499","1503","1476","1476","0.00","7494"
"SBI","2016-12-18","1470","1499","1455","1499","1.56","7529"
"SBI","2016-12-19","1475","1500","1470","1475","-1.80","12742"
"SBI","2016-12-20","1475","1490","1460","1460","-0.82","2097"
"SBI","2016-12-21","1450","1460","1410","1439","-1.44","6675"
"SBI","2016-12-22","1460","1460","1431","1440","0.07","10068"
"SBI","2016-12-26","1420","1430","1400","1400","-2.78","5378"
"SBI","2016-12-27","1382","1388","1333","1388","-0.86","6894"
"SBI","2016-12-28","1380","1384","1357","1360","-2.02","4767"
"SBI","2016-12-29","1387","1420","1382","1410","3.68","4835"
"SBI","2017-01-01","1430","1475","1430","1456","3.26","2371"
"SBI","2017-01-02","1485","1499","1456","1475","1.30","5186"
"SBI","2017-01-03","1457","1463","1415","1420","-3.73","6604"
"SBI","2017-01-04","1400","1411","1387","1400","-1.41","8605"
"SBI","2017-01-05","1400","1428","1400","1425","1.79","4516"
"SBI","2017-01-08","1410","1410","1396","1400","-1.75","3164"
"SBI","2017-01-09","1428","1428","1400","1410","0.71","2087"
"SBI","2017-01-10","1415","1423","1410","1423","0.92","4500"
"SBI","2017-01-11","1424","1425","1400","1415","-0.56","3231"
"SBI","2017-01-12","1439","1439","1415","1418","0.21","1329"
"SBI","2017-01-15","1416","1416","1400","1415","-0.42","4407"
"SBI","2017-01-16","1405","1410","1400","1410","-0.14","1359"
"SBI","2017-01-17","1410","1430","1410","1416","0.42","1364"
"SBI","2017-01-18","1410","1425","1410","1421","0.35","1128"
"SBI","2017-01-19","1430","1466","1430","1466","3.17","11349"
"SBI","2017-01-22","1495","1560","1495","1535","4.71","12004"
"SBI","2017-01-23","1535","1550","1510","1520","-0.98","6881"
"SBI","2017-01-24","1510","1510","1480","1484","-2.37","10321"
"SBI","2017-01-25","1472","1472","1435","1445","-2.63","5305"
"SBI","2017-01-26","1430","1440","1364","1425","-1.38","5966"
"SBI","2017-01-30","1430","1430","1348","1350","-5.26","10746"
"SBI","2017-01-31","1350","1400","1325","1370","1.48","7661"
"SBI","2017-02-01","1390","1455","1390","1455","6.20","7631"
"SBI","2017-02-02","1484","1515","1433","1433","-1.51","28356"
"SBI","2017-02-05","1120","1100","1065","1075","-4.02","5457"
"SBI","2017-02-06","1090","1090","1065","1075","0.00","1935"
"SBI","2017-02-07","1077","1083","1070","1070","-0.47","6084"
"SBI","2017-02-08","1090","1110","1052","1060","-0.93","5560"
"SBI","2017-02-09","1050","1060","1005","1020","-3.77","3594"
"SBI","2017-02-12","1005","1005","971","980","-3.92","9783"
"SBI","2017-02-13","990","1025","932","1025","4.59","11808"
"SBI","2017-02-14","1006","1006","981","998","-2.63","9717"
"SBI","2017-02-15","1000","1015","995","1014","1.60","8055"
"SBI","2017-02-16","1034","1059","1010","1055","4.04","6546"
"SBI","2017-02-19","1050","1060","1030","1051","0.57","8779"
"SBI","2017-02-20","1070","1071","1029","1029","-2.09","8895"
"SBI","2017-02-21","1049","1070","1020","1054","2.43","7011"
"SBI","2017-02-22","1035","1049","1000","1043","-1.04","3290"
"SBI","2017-02-23","1049","1051","1013","1013","-2.88","3206"
"SBI","2017-02-26","1020","1025","1000","1015","0.20","3686"
"SBI","2017-02-28","1000","1019","998","1000","-0.49","3096"
"SBI","2017-03-01","1010","1019","1010","1010","0.00","1950"
"SBI","2017-03-02","1010","1029","1010","1029","1.88","1059"
"SBI","2017-03-05","1040","1052","1035","1045","1.55","1573"
"SBI","2017-03-06","1045","1060","1045","1055","0.96","3194"
"SBI","2017-03-07","1045","1058","1037","1055","0.00","2176"
"SBI","2017-03-09","1050","1060","1050","1052","-0.47","4562"
"SBI","2017-03-13","1060","1072","1051","1072","2.10","1442"
"SBI","2017-03-14","1065","1070","1056","1056","-1.49","560"
"SBI","2017-03-15","1055","1070","1052","1070","1.33","680"
"SBI","2017-03-16","1050","1071","1050","1071","0.09","534"
"SBI","2017-03-19","1071","1080","1065","1080","0.84","2646"
"SBI","2017-03-20","1100","1100","1086","1095","1.39","2583"
"SBI","2017-03-21","1091","1204","1091","1200","9.59","5241"
"SBI","2017-03-22","1224","1320","1224","1295","7.92","20884"
"SBI","2017-03-23","1310","1325","1268","1300","0.39","11279"
"SBI","2017-03-26","1320","1380","1320","1365","5.00","7100"
"SBI","2017-03-28","1365","1475","1392","1435","5.13","5631"
"SBI","2017-03-29","1435","1460","1358","1386","-3.14","11145"
"SBI","2017-03-30","1386","1390","1350","1380","-0.43","4331"
"SBI","2017-04-02","1407","1430","1385","1430","3.62","4010"
"SBI","2017-04-03","1440","1500","1380","1400","-2.10","13581"
"SBI","2017-04-04","1400","1410","1385","1395","-0.36","7708"
"SBI","2017-04-06","1395","1390","1370","1380","-1.08","2526"
"SBI","2017-04-09","1400","1425","1375","1425","3.26","5781"
"SBI","2017-04-10","1400","1419","1382","1415","-0.70","2855"
"SBI","2017-04-11","1425","1470","1425","1469","3.82","16011"
"SBI","2017-04-12","1498","1500","1455","1455","-0.95","11039"
"SBI","2017-04-13","1426","1480","1401","1450","-0.34","7202"
"SBI","2017-04-16","1425","1440","1404","1405","-3.10","5914"
"SBI","2017-04-18","1380","1390","1350","1360","-3.20","6560"
"SBI","2017-04-19","1360","1433","1349","1417","4.19","5444"
"SBI","2017-04-20","1445","1473","1406","1430","0.92","10047"
"SBI","2017-04-23","1458","1495","1440","1450","1.40","10995"
"SBI","2017-04-24","1455","1470","1440","1440","-0.41","4176"
"SBI","2017-04-25","1415","1480","1415","1473","2.36","18710"
"SBI","2017-04-26","1465","1488","1427","1464","-0.68","6795"
"SBI","2017-04-27","1475","1475","1422","1450","-0.96","7893"
"SBI","2017-04-30","1427","1440","1401","1435","-1.03","4648"
"SBI","2017-05-02","1440","1481","1440","1465","2.09","23629"
"SBI","2017-05-03","1494","1510","1456","1460","-0.34","24286"
"SBI","2017-05-04","1478","1478","1450","1450","-0.68","32852"
"SBI","2017-05-07","1455","1460","1396","1400","-3.45","43900"
"SBI","2017-05-08","1400","1420","1390","1400","0.00","60255"
"SBI","2017-05-09","1029","1088","1045","1059","2.92","17148"
"SBI","2017-05-11","1071","1080","1055","1062","0.28","10588"
"SBI","2017-05-15","1061","1103","1060","1065","0.28","5328"
"SBI","2017-05-16","1066","1070","1057","1060","-0.47","5118"
"SBI","2017-05-17","1077","1077","1050","1050","-0.94","5775"
"SBI","2017-05-18","1050","1055","1029","1035","-1.43","4272"
"SBI","2017-05-21","1030","1030","1005","1007","-2.71","5302"
"SBI","2017-05-22","1010","1010","970","977","-2.98","5004"
"SBI","2017-05-23","980","1040","980","1006","2.97","10601"
"SBI","2017-05-24","1006","1020","981","1010","0.40","5572"
"SBI","2017-05-28","1000","1010","991","995","-1.49","8098"
"SBI","2017-05-30","1000","1000","985","990","-1.00","16949"
"SBI","2017-05-31","985","990","976","989","0.41","8952"
"SBI","2017-06-01","989","1000","989","996","0.71","5211"
"SBI","2017-06-04","997","997","970","976","-2.11","7730"
"SBI","2017-06-05","975","987","972","984","0.92","8620"
"SBI","2017-06-06","1003","1003","970","992","0.81","7868"
"SBI","2017-06-07","1005","1021","990","990","-0.20","9880"
"SBI","2017-06-08","991","996","976","990","0.00","3751"
"SBI","2017-06-11","985","985","966","970","-2.02","12759"
"SBI","2017-06-12","965","984","960","978","0.51","4633"
"SBI","2017-06-13","985","985","965","965","-1.03","6588"
"SBI","2017-06-14","971","971","962","966","0.10","3510"
"SBI","2017-06-15","980","980","960","969","0.31","6806"
"SBI","2017-06-18","969","972","957","962","-0.72","7908"
"SBI","2017-06-19","962","962","928","928","-3.53","6978"
"SBI","2017-06-20","932","934","915","929","0.11","9329"
"SBI","2017-06-21","930","938","924","930","0.11","4037"
"SBI","2017-06-22","930","933","925","925","-0.54","7637"
"SBI","2017-06-25","940","940","927","932","0.76","11558"
"SBI","2017-06-27","934","940","927","930","-0.21","6916"
"SBI","2017-06-28","930","935","925","928","-0.54","3055"
"SBI","2017-07-02","911","918","908","908","-1.84","3502"
"SBI","2017-07-03","926","930","912","921","1.43","1147"
"SBI","2017-07-04","921","926","911","915","-0.65","3304"
"SBI","2017-07-05","918","918","905","914","-0.11","6555"
"SBI","2017-07-06","925","925","915","924","1.09","5027"
"SBI","2017-07-09","924","945","910","910","-1.52","9037"
"SBI","2017-07-10","912","928","912","924","1.10","4317"
"SBI","2017-07-11","926","928","919","920","0.00","6035"
"SBI","2017-07-12","935","935","920","920","0.00","2885"
"SBI","2017-07-13","925","934","921","925","0.54","3508"
"SBI","2017-07-16","925","925","915","924","-0.11","9987"
"SBI","2017-07-17","930","941","922","940","1.84","5888"
"SBI","2017-07-18","940","965","940","946","0.53","5464"
"SBI","2017-07-19","945","955","940","949","0.32","4996"
"SBI","2017-07-20","940","953","940","950","0.11","6889"
"SBI","2017-07-23","951","950","936","948","-0.21","10654"
"SBI","2017-07-24","930","949","930","940","-0.84","6695"
"SBI","2017-07-25","940","947","938","943","0.32","4268"
"SBI","2017-07-26","940","940","927","930","-1.38","1412"
"SBI","2017-07-27","930","930","912","929","-0.11","6927"
"SBI","2017-07-30","920","935","914","915","-1.61","4944"
"SBI","2017-07-31","927","943","924","936","2.41","7506"
"SBI","2017-08-01","940","950","920","930","-0.64","4008"
"SBI","2017-08-02","918","940","918","932","0.00","3269"
"SBI","2017-08-03","930","950","935","940","1.08","6365"
"SBI","2017-08-06","945","963","941","943","0.32","7644"
"SBI","2017-08-07","945","945","937","939","-0.32","1901"
"SBI","2017-08-09","942","943","930","935","-0.53","3027"
"SBI","2017-08-10","943","943","925","928","-0.75","5714"
"SBI","2017-08-13","925","925","919","920","-0.86","2422"
"SBI","2017-08-15","938","938","900","910","-1.20","7987"
"SBI","2017-08-16","910","920","901","914","0.55","7244"
"SBI","2017-08-17","910","918","910","915","0.11","5595"
"SBI","2017-08-20","915","915","900","909","-0.66","5742"
"SBI","2017-08-21","910","910","900","907","-0.22","6817"
"SBI","2017-08-22","900","907","896","904","-0.33","11446"
"SBI","2017-08-23","904","905","895","897","-0.77","6688"
"SBI","2017-08-24","897","900","895","895","-0.22","6710"
"SBI","2017-08-27","895","905","895","895","0.00","7432"
"SBI","2017-08-28","910","910","880","888","-0.78","11180"
"SBI","2017-08-30","888","883","870","874","-1.58","7250"
"SBI","2017-08-31","874","875","865","865","-1.03","15627"
"SBI","2017-09-04","860","864","842","846","-2.20","9138"
"SBI","2017-09-06","850","856","842","846","0.00","8696"
"SBI","2017-09-07","855","855","837","841","-0.59","8351"
"SBI","2017-09-10","834","834","808","810","-3.69","15664"
"SBI","2017-09-11","810","815","796","806","-0.49","12685"
"SBI","2017-09-12","805","805","790","798","-0.99","11237"
"SBI","2017-09-13","785","799","765","779","-2.38","9664"
"SBI","2017-09-14","784","800","775","796","2.18","6414"
"SBI","2017-09-17","811","825","807","817","2.64","7552"
"SBI","2017-09-18","829","862","822","841","2.94","7521"
"SBI","2017-09-20","841","850","838","845","0.48","5765"
"SBI","2017-09-24","845","845","835","841","-0.47","2546"
"SBI","2017-09-25","845","845","836","840","-0.12","2990"
"SBI","2017-09-26","850","854","847","854","1.67","2505"
"SBI","2017-10-03","840","850","840","850","-0.47","195"
"SBI","2017-10-04","850","852","834","840","-1.18","1401"
"SBI","2017-10-08","830","830","790","806","-4.05","6919"
"SBI","2017-10-09","810","810","799","805","-0.12","5741"
"SBI","2017-10-10","800","810","796","806","-0.62","6216"
"SBI","2017-10-11","800","816","800","806","0.75","4328"
"SBI","2017-10-12","815","815","800","802","-0.50","6465"
"SBI","2017-10-15","800","809","800","800","-0.12","4322"
"SBI","2017-10-16","800","830","800","819","3.75","13433"
"SBI","2017-10-17","830","840","816","830","0.00","7141"
"SBI","2017-10-18","825","828","817","822","-0.96","4403"
"SBI","2017-10-22","835","835","815","815","-0.85","2880"
"SBI","2017-10-23","815","820","813","820","0.61","3519"
"SBI","2017-10-24","820","818","812","815","-0.61","2011"
"SBI","2017-10-25","810","814","807","810","-0.61","14991"
"SBI","2017-10-29","794","800","785","800","-1.23","7009"
"SBI","2017-10-30","800","800","791","797","-0.37","5269"
"SBI","2017-10-31","796","800","792","799","0.25","3487"
"SBI","2017-11-01","791","791","780","781","-2.38","4295"
"SBI","2017-11-02","780","780","770","775","-0.64","5501"
"SBI","2017-11-05","775","779","762","766","-1.16","6160"
"SBI","2017-11-06","766","779","760","770","0.52","7515"
"SBI","2017-11-07","770","775","760","760","-1.30","7496"
"SBI","2017-11-08","759","759","740","749","-1.45","13146"
"SBI","2017-11-09","740","748","730","740","-1.20","7909"
"SBI","2017-11-12","740","747","740","745","0.68","2717"
"SBI","2017-11-13","752","760","741","745","0.00","5324"
"SBI","2017-11-14","755","768","750","760","2.01","5559"
"SBI","2017-11-15","775","775","739","745","-2.76","14132"
"SBI","2017-11-16","743","747","739","740","0.14","9428"
"SBI","2017-11-19","740","741","721","730","-1.35","7396"
"SBI","2017-11-20","725","731","723","731","0.14","4597"
"SBI","2017-11-21","731","743","726","735","0.14","2180"
"SBI","2017-11-22","735","742","735","738","0.82","2217"
"SBI","2017-11-23","738","754","732","745","0.95","3878"
"SBI","2017-11-26","745","759","749","750","0.67","2352"
"SBI","2017-11-27","750","753","745","750","0.00","6728"
"SBI","2017-11-28","751","758","751","756","0.80","1401"
"SBI","2017-11-29","756","763","749","750","-0.79","11857"
"SBI","2017-11-30","752","753","743","747","-0.40","7450"
"SBI","2017-12-04","750","750","730","736","-1.47","13833"
"SBI","2017-12-05","730","740","730","736","-0.14","10016"
"SBI","2017-12-06","749","755","746","746","1.50","6571"
"SBI","2017-12-10","760","775","745","753","0.94","9441"
"SBI","2017-12-11","754","755","735","738","-1.99","8931"
"SBI","2017-12-12","736","742","728","730","-1.08","18243"
"SBI","2017-12-13","730","745","721","742","1.64","8777"
"SBI","2017-12-14","742","747","739","743","0.00","11288"
"SBI","2017-12-17","645","641","620","627","-2.79","6792"
"SBI","2017-12-18","625","626","620","620","-1.12","6137"
"SBI","2017-12-19","615","620","610","615","-0.65","6738"
"SBI","2017-12-20","605","615","605","610","-0.97","4289"
"SBI","2017-12-21","610","610","606","609","-0.16","4407"
"SBI","2017-12-24","609","616","605","606","-0.66","6506"
"SBI","2017-12-26","610","610","599","600","-0.83","9074"
"SBI","2017-12-27","598","598","587","591","-1.50","11371"
"SBI","2017-12-28","592","595","587","590","-0.17","9409"
"SBI","2017-12-31","590","597","585","587","-0.51","2746"
"SBI","2018-01-01","595","613","591","613","4.43","9663"
"SBI","2018-01-02","613","620","606","610","-0.49","12351"
"SBI","2018-01-03","611","611","595","600","-1.64","8889"
"SBI","2018-01-04","601","612","597","599","-0.17","6853"
"SBI","2018-01-07","601","603","598","599","0.00","6993"
"SBI","2018-01-08","600","605","600","602","0.50","12622"
"SBI","2018-01-09","602","605","600","600","-0.33","8914"
"SBI","2018-01-10","608","608","595","599","-0.17","12713"
"SBI","2018-01-14","588","600","588","596","-0.67","5927"
"SBI","2018-01-16","595","597","592","594","-0.17","4659"
"SBI","2018-01-17","594","596","589","592","-0.51","3443"
"SBI","2018-01-21","599","599","590","592","0.17","4218"
"SBI","2018-01-22","593","599","590","594","0.34","1462"
"SBI","2018-01-23","590","591","588","589","-0.84","3915"
"SBI","2018-01-24","578","590","578","587","-0.34","3331"
"SBI","2018-01-25","590","594","588","592","0.85","2139"
"SBI","2018-01-28","595","600","593","595","0.51","6477"
"SBI","2018-01-29","596","597","590","595","0.00","5011"
"SBI","2018-01-31","597","600","594","594","-0.17","4522"
"SBI","2018-02-01","600","600","593","594","0.00","6823"
"SBI","2018-02-04","595","600","592","595","0.17","4455"
"SBI","2018-02-05","597","599","591","591","-0.67","7677"
"SBI","2018-02-06","593","593","585","591","0.00","2890"
"SBI","2018-02-07","597","597","586","589","-0.34","4143"
"SBI","2018-02-08","586","590","586","590","0.17","4368"
"SBI","2018-02-11","590","595","584","593","0.51","5252"
"SBI","2018-02-12","592","592","586","587","-1.01","3354"
"SBI","2018-02-14","595","592","584","590","0.51","1745"
"SBI","2018-02-15","590","603","590","600","1.69","17368"
"SBI","2018-02-18","600","610","594","594","-1.00","10335"
"SBI","2018-02-20","586","597","586","591","-0.51","932"
"SBI","2018-02-21","586","593","586","587","-0.68","3425"
"SBI","2018-02-22","585","590","585","588","0.17","2644"
"SBI","2018-02-25","588","588","570","574","-2.55","6660"
"SBI","2018-02-26","571","571","566","570","0.00","5312"
"SBI","2018-02-27","574","574","565","570","0.00","3605"
"SBI","2018-02-28","570","570","563","565","-1.23","4724"
"SBI","2018-03-04","555","555","535","548","-2.66","5199"
"SBI","2018-03-05","548","558","548","553","0.91","3838"
"SBI","2018-03-06","543","560","543","557","0.72","8155"
"SBI","2018-03-07","568","571","562","569","2.15","2913"
"SBI","2018-03-11","569","570","555","555","-2.46","3105"
"SBI","2018-03-12","555","566","549","549","-1.08","9156"
"SBI","2018-03-13","559","559","549","555","1.09","4984"
"SBI","2018-03-14","558","562","555","562","1.26","2480"
"SBI","2018-03-15","563","563","559","562","0.00","990"
"SBI","2018-03-18","553","564","553","554","-1.42","1374"
"SBI","2018-03-19","554","559","552","558","0.72","1801"
"SBI","2018-03-20","551","551","538","550","-1.43","1806"
"SBI","2018-03-21","541","541","528","530","-3.64","4008"
"SBI","2018-03-22","530","545","520","545","2.83","11413"
"SBI","2018-03-26","535","535","515","521","-5.32","6781"
"SBI","2018-03-27","510","530","495","530","2.71","6144"
"SBI","2018-03-28","531","550","525","540","0.94","4190"
"SBI","2018-03-29","545","545","535","541","1.12","4411"
"SBI","2018-04-01","532","535","522","534","-1.29","3279"
"SBI","2018-04-02","531","531","524","524","-1.87","2933"
"SBI","2018-04-03","524","524","516","521","-0.57","8921"
"SBI","2018-04-04","522","526","520","521","0.00","16799"
"SBI","2018-04-05","530","531","525","527","1.15","24821"
"SBI","2018-04-08","536","549","530","547","3.80","16540"
"SBI","2018-04-09","557","560","544","552","0.91","19602"
"SBI","2018-04-10","551","563","546","547","-1.09","8153"
"SBI","2018-04-11","540","549","540","549","0.55","2343"
"SBI","2018-04-12","547","555","543","550","0.18","8075"
"SBI","2018-04-15","550","550","545","549","-0.18","3558"
"SBI","2018-04-16","555","560","550","556","1.27","2938"
"SBI","2018-04-17","556","564","556","563","1.26","5143"
"SBI","2018-04-18","568","595","561","575","1.95","6019"
"SBI","2018-04-19","583","596","575","587","1.92","9519"
"SBI","2018-04-22","585","615","596","615","5.13","9916"
"SBI","2018-04-23","623","634","603","623","0.00","16081"
"SBI","2018-04-24","615","615","597","599","-2.93","7520"
"SBI","2018-04-25","595","610","584","593","-0.84","3354"
"SBI","2018-04-26","603","605","565","565","-4.56","8532"
"SBI","2018-04-29","560","575","560","572","0.53","3428"
"SBI","2018-05-02","568","575","560","575","1.23","2691"
"SBI","2018-05-03","581","584","569","569","-1.04","5253"
"SBI","2018-05-06","560","565","556","559","-1.76","3731"
"SBI","2018-05-07","559","571","554","561","0.36","3272"
"SBI","2018-05-08","557","563","557","563","0.36","5829"
"SBI","2018-05-09","563","570","560","560","-0.53","2979"
"SBI","2018-05-10","560","562","549","560","0.00","3337"
"SBI","2018-05-14","560","560","550","553","-1.79","4139"
"SBI","2018-05-15","550","553","545","550","0.00","1322"
"SBI","2018-05-16","561","561","541","550","0.00","2475"
"SBI","2018-05-17","550","561","548","548","-0.36","1811"
"SBI","2018-05-20","557","557","543","546","-0.36","1349"
"SBI","2018-05-21","546","546","531","539","-1.28","3809"
"SBI","2018-05-22","530","540","530","533","-1.11","7107"
"SBI","2018-05-23","536","541","534","534","0.19","2506"
"SBI","2018-05-24","534","534","528","531","-0.56","6110"
"SBI","2018-05-27","526","528","517","522","-2.07","10634"
"SBI","2018-05-28","520","538","515","533","2.50","12777"
"SBI","2018-05-29","540","540","525","530","-0.56","7640"
"SBI","2018-05-30","530","540","530","532","0.00","5180"
"SBI","2018-05-31","530","530","525","525","-0.94","1320"
"SBI","2018-06-03","520","529","511","513","-2.29","6585"
"SBI","2018-06-04","510","515","503","513","0.00","3852"
"SBI","2018-06-06","525","525","505","513","-0.58","5920"
"SBI","2018-06-07","525","525","505","513","-0.58","5920"
"SBI","2018-06-10","503","505","496","501","-2.15","7146"
"SBI","2018-06-11","504","510","496","505","0.80","10916"
"SBI","2018-06-12","500","510","500","501","-0.79","3331"
"SBI","2018-06-13","506","509","502","509","1.60","3128"
"SBI","2018-06-14","511","517","510","515","1.18","1741"
"SBI","2018-06-17","515","515","500","502","-2.52","6523"
"SBI","2018-06-18","500","505","495","504","0.60","1256"
"SBI","2018-06-19","502","504","499","500","-0.99","2623"
"SBI","2018-06-20","500","502","500","501","0.20","2099"
"SBI","2018-06-21","500","508","498","503","0.40","2481"
"SBI","2018-06-24","505","508","500","500","-0.60","3080"
"SBI","2018-06-25","496","500","496","500","0.00","13038"
"SBI","2018-06-26","501","502","498","498","-0.40","9219"
"SBI","2018-06-27","497","500","493","496","-0.40","2875"
"SBI","2018-06-28","500","500","496","497","0.20","4954"
"SBI","2018-07-01","497","499","490","497","0.00","10468"
"SBI","2018-07-02","490","495","487","487","-2.01","1913"
"SBI","2018-07-03","495","495","487","490","0.62","2266"
"SBI","2018-07-04","485","495","481","493","1.02","6466"
"SBI","2018-07-05","495","507","490","506","2.42","4818"
"SBI","2018-07-08","507","522","505","514","1.38","3283"
"SBI","2018-07-09","508","508","497","501","-2.53","1983"
"SBI","2018-07-10","502","504","500","501","0.00","2073"
"SBI","2018-07-11","501","503","500","503","0.40","1275"
"SBI","2018-07-12","500","510","490","496","-1.59","6053"
"SBI","2018-07-15","501","502","495","499","0.81","1109"
"SBI","2018-07-16","499","499","498","499","0.00","712"
"SBI","2018-07-17","490","500","490","494","-1.00","2146"
"SBI","2018-07-18","496","503","496","500","1.21","699"
"SBI","2018-07-19","497","501","495","500","-0.40","2531"
"SBI","2018-07-22","497","502","495","496","-0.40","668"
"SBI","2018-07-23","505","505","495","496","0.00","1610"
"SBI","2018-07-24","503","507","502","505","1.81","5989"
"SBI","2018-07-25","503","505","501","502","-0.59","1239"
"SBI","2018-07-26","496","504","496","500","-0.40","4251"
"SBI","2018-07-29","500","505","500","504","0.80","2182"
"SBI","2018-07-30","504","506","500","504","0.00","6875"
"SBI","2018-07-31","504","505","502","502","-0.40","3497"
"SBI","2018-08-01","505","505","502","505","0.60","3124"
"SBI","2018-08-02","500","505","500","502","-0.59","1337"
"SBI","2018-08-05","500","504","497","503","0.20","1980"
"SBI","2018-08-06","504","505","501","505","0.40","4282"
"SBI","2018-08-07","515","515","495","498","-1.39","3583"
"SBI","2018-08-08","500","505","498","500","0.40","1625"
"SBI","2018-08-09","500","500","495","496","-0.80","3166"
"SBI","2018-08-12","496","496","490","493","-0.60","1318"
"SBI","2018-08-13","495","498","495","496","0.61","4599"
"SBI","2018-08-14","497","500","496","499","0.60","3259"
"SBI","2018-08-15","499","508","497","504","1.00","3945"
"SBI","2018-08-16","512","512","505","505","0.20","1571"
"SBI","2018-08-19","503","510","500","509","0.79","4584"
"SBI","2018-08-20","505","505","495","500","-1.77","3444"
"SBI","2018-08-21","495","499","494","495","-1.00","5245"
"SBI","2018-08-22","495","495","495","495","0.00","3281"
"SBI","2018-08-23","494","496","494","495","0.00","6645"
"SBI","2018-08-26","495","497","494","497","0.40","959"
"SBI","2018-08-28","500","500","492","495","-0.40","1935"
"SBI","2018-08-29","490","500","490","497","0.40","4269"
"SBI","2018-08-30","495","496","489","493","-0.80","2756"
"SBI","2018-09-02","495","502","492","495","0.41","5513"
"SBI","2018-09-03","500","502","498","498","0.61","3296"
"SBI","2018-09-04","501","502","495","498","0.20","6779"
"SBI","2018-09-05","495","512","495","510","2.20","10859"
"SBI","2018-09-06","515","516","500","500","-1.96","9443"
"SBI","2018-09-09","505","505","499","500","-1.38","4317"
"SBI","2018-09-10","496","499","495","496","-0.80","6427"
"SBI","2018-09-11","500","500","496","498","0.40","8302"
"SBI","2018-09-12","496","501","495","501","0.60","9703"
"SBI","2018-09-13","502","502","497","502","0.20","11759"
"SBI","2018-09-16","506","518","505","510","1.59","13288"
"SBI","2018-09-17","508","510","505","506","-0.78","8967"
"SBI","2018-09-18","501","510","496","507","0.20","4763"
"SBI","2018-09-20","505","506","500","501","-1.18","4445"
"SBI","2018-09-23","498","503","497","500","-0.20","7403"
"SBI","2018-09-25","505","512","505","510","2.00","7997"
"SBI","2018-09-26","509","514","505","507","-0.78","4135"
"SBI","2018-09-27","507","507","500","501","-1.38","9225"
"SBI","2018-09-30","501","508","498","498","-0.40","2981"
"SBI","2018-10-01","498","498","490","490","-1.61","9199"
"SBI","2018-10-02","499","499","489","491","0.20","13099"
"SBI","2018-10-03","491","493","489","491","0.00","9153"
"SBI","2018-10-04","500","500","485","490","0.20","2982"
"SBI","2018-10-07","490","490","486","490","-0.41","4036"
"SBI","2018-10-08","495","495","485","486","-1.02","5671"
"SBI","2018-10-09","486","487","485","485","0.00","1477"
"SBI","2018-10-10","485","486","484","485","0.00","2277"
"SBI","2018-10-11","485","488","482","487","0.00","1591"
"SBI","2018-10-14","487","490","485","490","1.03","923"
"SBI","2018-10-15","491","498","490","492","0.41","2554"
"SBI","2018-10-21","492","495","488","490","-0.41","1995"
"SBI","2018-10-22","490","495","487","487","-0.61","5386"
"SBI","2018-10-23","487","489","483","485","-0.41","8729"
"SBI","2018-10-24","485","494","485","494","1.86","3201"
"SBI","2018-10-25","494","497","488","497","0.61","3401"
"SBI","2018-10-28","497","497","486","486","-2.21","1558"
"SBI","2018-10-29","480","486","477","484","-0.41","2671"
"SBI","2018-10-30","480","484","479","482","-0.41","2885"
"SBI","2018-10-31","483","488","482","484","0.41","957"
"SBI","2018-11-01","483","491","475","484","0.00","6782"
"SBI","2018-11-04","480","480","475","478","-1.24","2139"
"SBI","2018-11-05","476","482","475","482","0.84","2488"
"SBI","2018-11-14","478","478","472","472","-1.26","3620"
"SBI","2018-11-15","472","474","465","470","-0.42","6291"
"SBI","2018-11-18","470","470","447","453","-3.62","3573"
"SBI","2018-11-19","455","457","441","448","-1.54","4863"
"SBI","2018-11-20","448","450","443","443","-1.12","1229"
"SBI","2018-11-21","443","444","436","438","-1.13","5750"
"SBI","2018-11-22","440","445","440","440","0.00","4852"
"SBI","2018-11-25","440","440","425","425","-3.41","4338"
"SBI","2018-11-26","425","430","419","419","-1.41","15838"
"SBI","2018-11-27","419","428","419","419","0.00","13614"
"SBI","2018-11-28","419","420","415","417","-0.48","8242"
"SBI","2018-11-29","416.05","417","408","412","-0.97","2978"
"SBI","2018-12-02","412","412","400","401","-2.67","12782"
"SBI","2018-12-03","401","407","398","398","-0.75","10228"
"SBI","2018-12-04","398","398","389","390","-2.01","23526"
"SBI","2018-12-06","389","395","380","394","1.29","17391"
"SBI","2018-12-09","394","398","388","394","0.00","15696"
"SBI","2018-12-10","394","406","391","402","2.03","16918"
"SBI","2018-12-11","402","407","396","398","-1.00","7855"
"SBI","2018-12-12","398","405","390","396","-0.50","6952"
"SBI","2018-12-13","396","407","396","404","2.02","4585"
"SBI","2018-12-16","404","415","404","408","0.99","8865"
"SBI","2018-12-17","408","410","404","405","-0.74","8512"
"SBI","2018-12-18","405","408","402","404","-0.25","1818"
"SBI","2018-12-19","404","410","402","403","-0.25","2405"
"SBI","2018-12-20","403","404","401","402","-0.25","8221"
"SBI","2018-12-23","402","418","402","416","3.48","10210"
"SBI","2018-12-24","416","416","409","412","-0.96","4814"
"SBI","2018-12-25","412","412","408","410","-0.49","2653"
"SBI","2018-12-26","410","429","410","429","4.63","7006"
"SBI","2018-12-27","429","437","427","427","-0.47","14119"
"SBI","2018-12-30","427","434","421","425","-0.47","1830"
"SBI","2018-12-31","425","425","420","420","-1.18","5340"
"SBI","2019-01-01","420","431","420","424","0.95","15649"
"SBI","2019-01-02","403.81","403.81","394","394","-2.43","4830"
"SBI","2019-01-03","394","398","391","391","-0.76","2976"
"SBI","2019-01-06","391","391","383","389","-0.51","3991"
"SBI","2019-01-07","389","395","389","392","0.77","1158"
"SBI","2019-01-08","392","396","390","390","-0.51","4006"
"SBI","2019-01-09","390","396","390","392","0.51","1480"
"SBI","2019-01-10","392","395","387","387","-1.28","7339"
"SBI","2019-01-13","387","391","387","388","0.26","1345"
"SBI","2019-01-14","388","392","388","389","0.26","993"
"SBI","2019-01-15","389","397","389","392","0.77","1736"
"SBI","2019-01-16","392","392","385","385","-1.79","1821"
"SBI","2019-01-17","385","392","385","390","1.30","1178"
"SBI","2019-01-20","390","390","386","387","-0.77","450"
"SBI","2019-01-21","387","399","387","399","3.10","6478"
"SBI","2019-01-22","399","400","392","400","0.25","5471"
"SBI","2019-01-23","400","400","395","399","-0.25","2550"
"SBI","2019-01-24","399","399","389","392","-1.75","3199"
"SBI","2019-01-27","392","392","380","383","-2.30","7692"
"SBI","2019-01-28","383","389","380","380","-0.78","3484"
"SBI","2019-01-29","380","385","380","382","0.53","5340"
"SBI","2019-01-30","382","382","380","380","-0.52","6132"
"SBI","2019-01-31","380","382","378","381","0.26","3031"
"SBI","2019-02-03","381","383","379","379","-0.52","3047"
"SBI","2019-02-04","377","379","376","377","-0.53","5795"
"SBI","2019-02-05","380","383","377","381","1.06","2876"
"SBI","2019-02-06","382","383","379","379","-0.52","2924"
"SBI","2019-02-07","380","386","379","381","0.53","979"
"SBI","2019-02-10","380","381","378","380","-0.26","1543"
"SBI","2019-02-11","383","383","376","377","-0.79","2389"
"SBI","2019-02-12","379","381","377","381","1.06","2125"
"SBI","2019-02-13","380","381","377","378","-0.79","2801"
"SBI","2019-02-14","380","380","377","377","-0.26","290"
"SBI","2019-02-17","373","377","371","375","-0.53","2213"
"SBI","2019-02-18","372","375","370","371","-1.07","3343"
"SBI","2019-02-19","375","381","371","379","2.16","3946"
"SBI","2019-02-20","376","382","376","380","0.26","2016"
"SBI","2019-02-21","380","380","374","376","-1.05","2358"
"SBI","2019-02-24","376","380","375","375","-0.27","2048"
"SBI","2019-02-25","382","382","372","375","0.00","3899"
"SBI","2019-02-26","375","375","370","372","-0.80","7230"
"SBI","2019-02-27","375","375","370","375","0.81","4594"
"SBI","2019-03-03","372","376","370","370","-1.33","4208"
"SBI","2019-03-05","367","371","366","371","0.27","4892"
"SBI","2019-03-06","371","373","371","373","0.54","5521"
"SBI","2019-03-07","375","382","373","382","2.41","6781"
"SBI","2019-03-09","385","385","376","380","-0.52","2465"
"SBI","2019-03-10","385","385","376","380","-0.52","2465"
"SBI","2019-03-11","383","391","380","387","1.84","4631"
"SBI","2019-03-12","387","399","387","395","2.07","6983"
"SBI","2019-03-13","402","402","395","395","0.00","1305"
"SBI","2019-03-14","395","395","390","391","-1.51","6818"
"SBI","2019-03-17","392","399","392","392","0.26","3236"
"SBI","2019-03-18","392","399","392","394","0.51","5096"
"SBI","2019-03-19","390","395","390","392","-0.51","274"
"SBI","2019-03-21","395","395","390","392","0.00","2148"
"SBI","2019-03-24","393","394","383","385","-1.79","3103"
"SBI","2019-03-25","385","395","383","395","2.60","6754"
"SBI","2019-03-26","395","395","390","391","-1.01","4153"
"SBI","2019-03-27","391","395","390","390","-0.26","4480"
"SBI","2019-03-28","389","391","388","391","0.26","3379"
"SBI","2019-03-31","398","398","385","387","-1.02","10285"
"SBI","2019-04-01","382","392","382","392","1.29","6589"
"SBI","2019-04-02","395","401","395","398","1.53","6596"
"SBI","2019-04-03","396","403","395","398","0.00","6010"
"SBI","2019-04-04","400","405","395","403","1.26","13408"
"SBI","2019-04-07","400","417","400","417","3.47","11263"
"SBI","2019-04-08","417","426","407","421","0.96","10664"
"SBI","2019-04-09","422","424","411","412","-2.14","11344"
"SBI","2019-04-10","407","418","407","417","1.21","2502"
"SBI","2019-04-11","421","421","412","412","-1.20","8113"
"SBI","2019-04-15","411","415","411","415","0.73","1557"
"SBI","2019-04-16","415","425","415","425","2.41","3364"
"SBI","2019-04-17","425","440","427","436","2.59","20209"
"SBI","2019-04-18","444","465","441","465","6.65","20793"
"SBI","2019-04-21","473","511","467","511","9.89","36288"
"SBI","2019-04-22","520","525","486","497","-2.74","47770"
"SBI","2019-04-23","495","516","495","505","1.61","20561"
"SBI","2019-04-24","509","530","505","518","2.57","27529"
"SBI","2019-04-25","520","522","505","508","-1.93","22642"
"SBI","2019-04-28","516","520","500","501","-1.38","18024"
"SBI","2019-04-29","505","505","490","496","-1.00","10964"
"SBI","2019-04-30","500","500","481","481","-3.02","9063"
"SBI","2019-05-02","480","492","475","485","0.83","7658"
"SBI","2019-05-05","477","484","476","484","-0.21","10515"
"SBI","2019-05-06","485","500","476","497","2.69","13280"
"SBI","2019-05-07","506","506","483","488","-1.81","6141"
"SBI","2019-05-08","488","496","480","492","0.82","11125"
"SBI","2019-05-09","484","487","483","483","-1.83","7530"
"SBI","2019-05-12","474","488","474","487","0.83","14995"
"SBI","2019-05-13","482","490","482","488","0.21","2938"
"SBI","2019-05-14","488","495","485","485","-0.61","7362"
"SBI","2019-05-15","494","503","491","497","2.47","28909"
"SBI","2019-05-16","501","501","489","489","-1.61","9503"
"SBI","2019-05-19","483","492","482","482","-1.43","11199"
"SBI","2019-05-20","482","485","480","480","-0.41","7962"
"SBI","2019-05-21","480","487","480","480","0.00","10509"
"SBI","2019-05-22","484","485","476","476","-0.83","5506"
"SBI","2019-05-23","480","489","478","482","1.26","13628"
"SBI","2019-05-26","480","487","472","474","-1.66","7066"
"SBI","2019-05-27","475","478","470","473","-0.21","12649"
"SBI","2019-05-28","475","480","470","478","1.06","4543"
"SBI","2019-05-29","480","484","471","480","0.42","16477"
"SBI","2019-05-30","489","500","482","488","1.67","23759"
"SBI","2019-06-02","485","487","481","482","-1.23","5117"
"SBI","2019-06-03","482","482","472","472","-2.07","4953"
"SBI","2019-06-04","471","477","471","475","0.64","14369"
"SBI","2019-06-06","484","484","472","472","-0.63","11232"
"SBI","2019-06-10","470","472","465","470","-0.42","12681"
"SBI","2019-06-11","468","474","465","467","-0.64","7756"
"SBI","2019-06-12","466","472","462","466","-0.21","17999"
"SBI","2019-06-13","465","466","462","464","-0.43","14022"
"SBI","2019-06-16","464","465","462","462","-0.43","7096"
"SBI","2019-06-17","463","468","461","463","0.22","11133"
"SBI","2019-06-18","461","466","460","460","-0.65","9113"
"SBI","2019-06-19","459","461","458","461","0.22","3074"
"SBI","2019-06-20","464","465","463","463","0.43","6687"
"SBI","2019-06-23","463","465","462","464","0.22","3172"
"SBI","2019-06-24","464","465","460","465","0.22","18641"
"SBI","2019-06-25","467","468","464","465","0.00","4966"
"SBI","2019-06-26","465","465","458","462","-0.65","5778"
"SBI","2019-06-27","458","464","458","462","0.00","5543"
"SBI","2019-06-30","462","465","460","465","0.65","7096"
"SBI","2019-07-01","461","465","461","464","-0.22","6370"
"SBI","2019-07-02","460","466","460","466","0.43","8287"
"SBI","2019-07-03","466","480","463","475","1.93","7617"
"SBI","2019-07-04","471","472","467","467","-1.68","7806"
"SBI","2019-07-07","464","467","463","466","-0.21","6239"
"SBI","2019-07-08","463","465","460","462","-0.86","5234"
"SBI","2019-07-09","460","462","458","462","0.00","6693"
"SBI","2019-07-10","460","465","458","460","-0.43","9928"
"SBI","2019-07-11","460","462","459","459","-0.22","6219"
"SBI","2019-07-14","460","464","460","461","0.44","4191"
"SBI","2019-07-15","469","469","463","464","0.65","4202"
"SBI","2019-07-16","464","469","463","469","1.08","2622"
"SBI","2019-07-17","470","477","470","473","0.85","4849"
"SBI","2019-07-18","473","478","471","473","0.00","6845"
"SBI","2019-07-21","475","475","470","470","-0.63","5500"
"SBI","2019-07-22","472","476","470","475","1.06","5825"
"SBI","2019-07-23","470","475","470","473","-0.42","1979"
"SBI","2019-07-24","472","484","472","479","1.27","9232"
"SBI","2019-07-25","475","480","470","470","-1.88","10784"
"SBI","2019-07-28","461","465","460","460","-2.13","9954"
"SBI","2019-07-29","460","466","460","465","1.09","2360"
"SBI","2019-07-30","465","470","465","470","1.08","3580"
"SBI","2019-07-31","468","470","463","465","-1.06","8535"
"SBI","2019-08-01","467","468","461","464","-0.22","6620"
"SBI","2019-08-04","465","465","462","464","0.00","2842"
"SBI","2019-08-05","466","466","461","464","0.00","5756"
"SBI","2019-08-06","464","469","459","459","-1.08","14529"
"SBI","2019-08-07","457","462","456","458","-0.22","8984"
"SBI","2019-08-08","460","460","450","450","-1.75","4930"
"SBI","2019-08-11","451","455","440","444","-1.33","6344"
"SBI","2019-08-12","452","461","445","447","0.68","2552"
"SBI","2019-08-13","445","445","442","445","-0.45","7255"
"SBI","2019-08-14","445","447","443","443","-0.45","6022"
"SBI","2019-08-15","440","446","440","445","0.45","2810"
"SBI","2019-08-18","445","445","439","440","-1.12","18915"
"SBI","2019-08-19","440","456","439","446","1.36","5895"
"SBI","2019-08-20","439","454","439","442","-0.90","2123"
"SBI","2019-08-21","442","448","442","445","0.68","3594"
"SBI","2019-08-22","450","451","445","445","0.00","5451"
"SBI","2019-08-25","450","453","443","453","1.80","11045"
"SBI","2019-08-26","446","448","443","448","-1.10","3486"
"SBI","2019-08-27","442","450","442","450","0.45","7592"
"SBI","2019-08-28","448","449","444","445","-1.11","6177"
"SBI","2019-08-29","442","445","440","445","0.00","5389"
"SBI","2019-09-01","446","449","440","440","-1.12","4241"
"SBI","2019-09-02","437","442","432","432","-1.82","4586"
"SBI","2019-09-03","432","447","424","440","1.85","5672"
"SBI","2019-09-04","444","448","444","445","1.14","3715"
"SBI","2019-09-05","440","450","440","444","-0.22","2971"
"SBI","2019-09-08","450","444","428","432","-2.70","3164"
"SBI","2019-09-09","426","432","420","422","-2.31","14792"
"SBI","2019-09-10","425","430","420","426","0.95","4264"
"SBI","2019-09-11","427","434","426","426","0.00","1731"
"SBI","2019-09-12","429","429","424","425","-0.23","1843"
"SBI","2019-09-15","419","425","417","417","-1.88","7658"
"SBI","2019-09-16","413","419","410","410","-1.68","6157"
"SBI","2019-09-17","418","423","414","415","1.22","4229"
"SBI","2019-09-18","422","428","403","428","3.13","15597"
"SBI","2019-09-19","429","429","420","420","-1.87","4473"
"SBI","2019-09-22","415","415","409","411","-2.14","3485"
"SBI","2019-09-23","410","411","405","406","-1.22","5483"
"SBI","2019-09-24","402","409","401","403","-0.74","5453"
"SBI","2019-09-26","406","406","403","405","0.00","2324"
"SBI","2019-09-29","402","405","402","403","-0.49","1324"
"SBI","2019-09-30","402","402","390","396","-1.74","4841"
"SBI","2019-10-01","398","410","395","405","2.27","6715"
"SBI","2019-10-02","413","413","405","408","0.74","4519"
"SBI","2019-10-03","408","410","408","409","0.25","4892"
"SBI","2019-10-10","415","415","408","408","-0.24","1050"
"SBI","2019-10-14","408","408","397","400","-1.96","2159"
"SBI","2019-10-15","400","402","399","402","0.50","1075"
"SBI","2019-10-16","394","402","394","394","-1.99","1197"
"SBI","2019-10-17","394","401","394","400","1.52","1357"
"SBI","2019-10-20","400","400","393","399","-0.25","773"
"SBI","2019-10-21","400","405","400","403","1.00","394"
"SBI","2019-10-22","403","405","402","403","0.00","3580"
"SBI","2019-10-23","403","404","402","404","0.25","1771"
"SBI","2019-10-24","407","407","404","406","0.50","1446"
"SBI","2019-10-31","407","410","407","410","0.99","2924"
"SBI","2019-11-03","404","406","404","405","-1.22","2651"
"SBI","2019-11-04","407","407","405","405","0.00","4034"
"SBI","2019-11-05","405","406","405","405","0.00","995"
"SBI","2019-11-06","405","406","405","406","0.25","771"
"SBI","2019-11-07","405","407","405","405","-0.25","3497"
"SBI","2019-11-10","405","406","401","406","0.25","5807"
"SBI","2019-11-11","403","410","403","407","0.25","2592"
"SBI","2019-11-12","405","410","402","405","-0.49","10507"
"SBI","2019-11-13","404","404","399","399","-1.48","2455"
"SBI","2019-11-14","399","406","402","402","0.75","4297"
"SBI","2019-11-17","397","397","390","391","-2.74","5510"
"SBI","2019-11-18","391","392","390","391","0.00","6227"
"SBI","2019-11-19","396","396","389","389","-0.51","4228"
"SBI","2019-11-20","390","392","390","391","0.51","5890"
"SBI","2019-11-21","391","391","380","383","-2.05","9683"
"SBI","2019-11-24","385","385","380","381","-0.52","4630"
"SBI","2019-11-25","376","379","372","374","-1.84","6097"
"SBI","2019-11-26","381","382","375","380","1.60","7381"
"SBI","2019-11-27","376","386","376","380","0.00","4642"
"SBI","2019-11-28","384","387","382","383","0.79","9527"
"SBI","2019-12-01","355","356","345","348","-3.69","7679"
"SBI","2019-12-02","348","348","345","345","-0.86","2935"
"SBI","2019-12-03","344","347","344","347","0.58","2403"
"SBI","2019-12-04","348","348","346","348","0.29","833"
"SBI","2019-12-05","348","353","346","346","-0.57","3138"
"SBI","2019-12-08","348","352","347","347","0.29","1411"
"SBI","2019-12-09","347","360","347","352","1.44","4946"
"SBI","2019-12-10","358","358","355","355","0.85","842"
"SBI","2019-12-11","356","360","355","359","1.13","1549"
"SBI","2019-12-12","359","360","356","357","-0.56","3039"
"SBI","2019-12-15","359","359","355","359","0.56","3414"
"SBI","2019-12-16","360","360","356","356","0.85","3004"
"SBI","2019-12-17","356","356","349","350","-1.69","1349"
"SBI","2019-12-18","349","349","346","348","-0.57","3594"
"SBI","2019-12-19","347","353","347","353","1.44","5170"
"SBI","2019-12-22","350","351","348","350","-0.85","2386"
"SBI","2019-12-23","350","357","350","357","2.00","3818"
"SBI","2019-12-24","357","360","355","356","-0.28","2818"
"SBI","2019-12-25","360","360","351","352","-1.12","4174"
"SBI","2019-12-26","354","358","352","354","0.57","3328"
"SBI","2019-12-29","354","355","353","355","0.28","878"
"SBI","2019-12-30","355","355","350","355","0.00","2862"
"SBI","2019-12-31","355","355","352","352","-0.85","4394"
"SBI","2020-01-01","355","356","352","356","1.14","7846"
"SBI","2020-01-02","355","356","350","353","-0.84","10668"
"SBI","2020-01-05","355","371","353","368","4.25","12436"
"SBI","2020-01-06","374","386","368","386","4.89","12770"
"SBI","2020-01-07","387","397","387","397","2.85","8270"
"SBI","2020-01-08","400","400","386","386","-2.77","21706"
"SBI","2020-01-09","383","400","379","395","2.33","5159"
"SBI","2020-01-12","399","408","397","401","1.52","17476"
"SBI","2020-01-13","411","419","404","405","0.50","14263"
"SBI","2020-01-14","405","409","399","399","-1.48","5998"
"SBI","2020-01-15","400","423","394","407","2.01","14047"
"SBI","2020-01-16","415","420","410","419","2.95","13995"
"SBI","2020-01-19","427","446","416","446","6.44","21342"
"SBI","2020-01-20","453","453","425","429","-3.60","12730"
"SBI","2020-01-21","426","430","421","425","-0.23","11909"
"SBI","2020-01-22","423","426","420","420","-1.18","7661"
"SBI","2020-01-23","421","421","410","410","-2.38","6883"
"SBI","2020-01-26","408","408","400","400","-2.44","4634"
"SBI","2020-01-27","400","418","400","416","3.74","10325"
"SBI","2020-01-28","409","414","408","410","-1.44","7772"
"SBI","2020-01-29","410","410","398","402","-1.95","8118"
"SBI","2020-01-30","401","417","401","413","2.74","10888"
"SBI","2020-02-02","420","430","417","425","2.91","23265"
"SBI","2020-02-03","427","430","426","428","0.71","23990"
"SBI","2020-02-04","431","431","416","420","-1.87","18677"
"SBI","2020-02-05","418","422","417","421","0.24","4194"
"SBI","2020-02-06","425","425","414","414","-1.66","2720"
"SBI","2020-02-09","413","415","408","409","-1.21","4465"
"SBI","2020-02-10","409","415","408","408","-0.24","6589"
"SBI","2020-02-11","411","418","410","414","1.47","10881"
"SBI","2020-02-12","414","420","410","410","-0.97","4272"
"SBI","2020-02-13","410","414","404","404","-1.46","9376"
"SBI","2020-02-16","402","413","402","410","1.49","16321"
"SBI","2020-02-17","418","430","418","424","3.41","33663"
"SBI","2020-02-18","424","435","423","429","1.18","28295"
"SBI","2020-02-19","429","430","424","424","-1.17","13212"
"SBI","2020-02-20","424","430","421","429","1.18","17873"
"SBI","2020-02-23","435","471","434","471","9.79","62870"
"SBI","2020-02-24","471","498","472","475","0.85","68773"
"SBI","2020-02-25","471","487","466","477","0.42","34609"
"SBI","2020-02-26","486","499","485","493","3.35","50056"
"SBI","2020-02-27","493","542","477","542","9.94","81584"
"SBI","2020-03-01","542","583","532","534","-1.48","112352"
"SBI","2020-03-02","525","535","506","506","-5.24","39156"
"SBI","2020-03-03","506","540","491","516","1.98","85319"
"SBI","2020-03-04","507","525","481","481","-6.78","48427"
"SBI","2020-03-05","472","485","454","465","-3.33","33806"
"SBI","2020-03-10","456","456","419","419","-9.89","20412"
"SBI","2020-03-11","427","459","423","458","9.31","46476"
"SBI","2020-03-12","458","470","436","440","-3.93","24339"
"SBI","2020-03-15","432","435","419","419","-4.77","34111"
"SBI","2020-03-16","413","438","413","423","0.95","39016"
"SBI","2020-03-17","423","423","400","412","-2.60","29653"
"SBI","2020-03-18","405","435","391","409","-0.73","22629"
"SBI","2020-03-19","399","420","393","420","2.69","33945"
"SBI","2020-03-22","412","420","412","412","-1.90","570"
"SBI","2020-05-13","404","404","404","404","-1.94","20"
"SBI","2020-06-29","396","396","375","380","-5.94","6452"
"SBI","2020-06-30","373","406","373","405","6.58","2296"
"SBI","2020-07-01","413","429","410","429","5.93","5323"
"SBI","2020-07-02","435","435","388","388","-9.56","6790"
"SBI","2020-07-05","390","403","385","400","3.09","29562"
"SBI","2020-07-06","396","410","396","408","2.00","12306"
"SBI","2020-07-07","408","427","401","411","0.74","11450"
"SBI","2020-07-08","412","412","403","409","-0.49","20567"
"SBI","2020-07-09","401","411","395","407","-0.49","15788"
"SBI","2020-07-12","407","413","404","409","0.49","17892"
"SBI","2020-07-13","414","415","405","414","1.22","16602"
"SBI","2020-07-14","412","419","409","418","0.97","12487"
"SBI","2020-07-15","413","442","413","435","4.07","22205"
"SBI","2020-07-16","443","450","439","441","1.38","16404"
"SBI","2020-07-19","449","465","449","465","5.44","60"
"SBI","2020-07-20","488","506","455","471","1.29","41242"
"SBI","2020-07-21","462","475","452","452","-4.03","37329"
"SBI","2020-07-22","450","455","443","447","-1.11","15876"
"SBI","2020-07-23","440","457","439","451","0.89","11033"
"SBI","2020-07-26","453","460","450","460","2.00","17270"
"SBI","2020-07-27","460","462","452","454","-1.30","21109"
"SBI","2020-07-28","450","457","450","454","0.00","13670"
"SBI","2020-07-29","450","450","442","445","-1.98","13494"
"SBI","2020-07-30","446","469","440","450","1.12","17138"
"SBI","2020-08-02","445","445","432","435","-3.33","26316"
"SBI","2020-08-03","430","437","425","431","-0.92","24753"
"SBI","2020-08-05","423","429","421","425","-1.39","7114"
"SBI","2020-08-06","423","425","414","425","0.00","14567"
"SBI","2020-08-09","420","429","409","420","-1.18","7378"
"SBI","2020-08-10","427","438","422","437","4.05","17015"
"SBI","2020-08-11","444","444","429","435","-0.46","8017"
"SBI","2020-08-12","438","438","425","434","-0.23","13216"
"SBI","2020-08-13","430","432","422","424","-2.30","8557"
"SBI","2020-08-16","416","422","408","415","-2.12","21864"
"SBI","2020-08-17","415","415","410","412","-0.72","16896"
"SBI","2020-08-18","415","417","408","410","-0.49","7423"
"SBI","2020-08-19","404","410","403","407","-0.73","7040"
"SBI","2020-08-20","407","416","407","410","0.74","2547"
"SBI","2020-08-23","413","417","408","417","1.71","3637"
"SBI","2020-08-24","420","424","417","419","0.48","8293"
"SBI","2020-08-25","426","426","418","424","1.19","9118"
"SBI","2020-08-26","429","434","426","433","2.12","29643"
"SBI","2020-08-27","440","440","431","434","0.23","15769"
"SBI","2020-08-30","434","440","425","429","-1.15","4498"
"SBI","2020-08-31","429","437","425","432","0.70","14674"
"SBI","2020-09-02","432","439","428","437","1.16","19318"
"SBI","2020-09-03","445","445","433","435","-0.46","13974"
"SBI","2020-09-06","456","456","427","432","-0.69","22466"
"SBI","2020-09-07","435","435","417","420","-2.78","9212"
"SBI","2020-09-08","422","426","414","421","0.24","26985"
"SBI","2020-09-09","427","427","415","421","0.00","21133"
"SBI","2020-09-10","420","430","417","419","-0.48","8702"
"SBI","2020-09-13","419","425","415","425","1.43","19719"
"SBI","2020-09-14","433","433","425","425","0.00","17970"
"SBI","2020-09-15","430","430","425","425","0.00","8377"
"SBI","2020-09-16","419","424","419","422","-0.71","7917"
"SBI","2020-09-17","429","444","422","437","3.55","28753"
"SBI","2020-09-20","437","460","435","438","0.23","12399"
"SBI","2020-09-21","438","441","436","438","0.00","19495"
"SBI","2020-09-22","438","438","429","430","-1.83","13602"
"SBI","2020-09-23","426","431","426","427","-0.70","14852"
"SBI","2020-09-24","428","429","424","425","-0.47","15571"
"SBI","2020-09-27","446","450","426","428","0.71","31241"
"SBI","2020-09-28","426","432","426","428","0.00","9458"
"SBI","2020-09-29","428","428","424","426","-0.47","8372"
"SBI","2020-09-30","447","447","420","424","-0.47","15510"
"SBI","2020-10-01","426","433","425","430","1.42","20032"
"SBI","2020-10-04","438","438","433","435","1.16","16607"
"SBI","2020-10-05","439","439","430","431","-0.92","14803"
"SBI","2020-10-06","429","434","426","426","-1.16","20350"
"SBI","2020-10-07","425","432","424","428","0.47","13839"
"SBI","2020-10-08","435","435","422","424","-0.93","21978"
"SBI","2020-10-11","422","427","418","420","-0.94","20792"
"SBI","2020-10-12","420","424","412","423","0.71","26589"
"SBI","2020-10-13","425","427","415","416","-1.65","12292"
"SBI","2020-10-14","416","418","415","415","-0.24","15362"
"SBI","2020-10-15","423","423","413","413","-0.48","13949"
"SBI","2020-10-18","410","414","410","412","-0.24","10474"
"SBI","2020-10-19","412","417","410","417","1.21","9432"
"SBI","2020-10-20","422","422","414","421","0.96","5978"
"SBI","2020-10-21","424","425","419","425","0.95","15661"
"SBI","2020-10-22","425","428","417","428","0.71","24045"
"SBI","2020-10-28","436","450","431","446","4.21","49367"
"SBI","2020-10-29","446","460","444","446","0.00","47151"
"SBI","2020-11-01","438","444","433","435","-2.47","16671"
"SBI","2020-11-02","431","440","430","431","-0.92","14941"
"SBI","2020-11-03","430","432","428","430","-0.23","11213"
"SBI","2020-11-04","430","432","428","431","0.23","6214"
"SBI","2020-11-05","431","431","424","426","-1.16","17071"
"SBI","2020-11-08","425","427","422","422","-0.94","28364"
"SBI","2020-11-09","416","421","416","420","-0.47","16991"
"SBI","2020-11-10","425","425","419","423","0.71","21339"
"SBI","2020-11-11","420","430","419","430","1.65","18991"
"SBI","2020-11-12","431","433","420","428","--","22772"
"SBI","2020-11-18","420","421","412","415","0.00","41098"
"SBI","2020-11-19","416","422","415","422","0.00","44067"
"SBI","2020-11-22","418","431","413","420","-0.00","70509"
"SBI","2020-11-23","421","421","414","415","-0.01","68919"
"SBI","2020-11-24","415","418","410","412","-0.01","39268"
"SBI","2020-11-25","392","438","392","419","0.02","32702"
"SBI","2020-11-26","439","439","420","430","0.03","113083"
"SBI","2020-11-29","438","470","438","465","0.08","154712"
"SBI","2020-11-30","488","488","446","449","-0.03","86123"
"SBI","2020-12-01","442","454","435","440","-0.02","52193"
"SBI","2020-12-02","440","441","437","440","0.00","31924"
"SBI","2020-12-03","440","441","432","432","-0.02","38255"
"SBI","2020-12-06","424","433","418","418","-0.03","49283"
"SBI","2020-12-07","425","433","415","424","0.01","28907"
"SBI","2020-12-08","430","430","413","419","-0.01","50135"
"SBI","2020-12-09","415","418","407","410","-0.02","57122"
"SBI","2020-12-10","407","420","406","420","0.02","34694"
"SBI","2020-12-13","412","427","412","424","0.01","26947"
"SBI","2020-12-14","432","444","422","430","0.01","44423"
"SBI","2020-12-15","438","438","423","429","-0.00","28445"
"SBI","2020-12-16","450","450","421","423","-0.01","18609"
"SBI","2020-12-17","428","428","420","422","-0.00","27475"
"SBI","2020-12-20","427","427","405","405","-0.04","55879"
"SBI","2020-12-21","402","415","391","410","0.00","36532"
"SBI","2020-12-22","416","419","408","417","0.02","47786"
"SBI","2020-12-23","420","422","410","416","-0.00","51638"
"SBI","2020-12-24","420","430","414","419","0.01","42471"
"SBI","2020-12-27","427","427","409","414","-0.01","21932"
"SBI","2020-12-28","407","412","407","410","-0.01","14681"
"SBI","2020-12-29","430","430","407","408","-0.00","49368"
"SBI","2020-12-30","392","399","385","387","0.01","29408"
"SBI","2020-12-31","406","425","393","407","0.05","93964"
"SBI","2021-01-03","427","427","412","420","0.03","84299"
"SBI","2021-01-04","428","430","411","416","-0.01","42720"
"SBI","2021-01-05","421","421","410","417","0.00","26521"
"SBI","2021-01-06","420","421","416","421","0.01","56120"
"SBI","2021-01-07","416","426","415","422","0.00","82189"
"SBI","2021-01-10","425","442","421","436","0.03","182391"
"SBI","2021-01-11","439","468","439","457","0.05","205247"
"SBI","2021-01-12","460","485","450","484","0.06","119594"
"SBI","2021-01-13","491","491","463","466","-0.04","93017"
"SBI","2021-01-17","466","470","450","453","-0.03","61837"
"SBI","2021-01-18","455","462","449","449","-0.01","43175"
"SBI","2021-01-19","448","452","437","446","-0.01","67283"
"SBI","2021-01-20","424","452","424","442","-0.01","41214"
"SBI","2021-01-21","442","459","436","440","-0.00","42776"
"SBI","2021-01-24","462","462","440","445","0.01","61663"
"SBI","2021-01-25","447","453","439","447","0.00","86106"
"SBI","2021-01-26","447","455","440","446","-0.00","71925"
"SBI","2021-01-27","468","468","441","446","0.00","89624"
"SBI","2021-01-28","445","446","434","438","-0.02","72139"
"SBI","2021-01-31","430","437","420","420","-0.04","38218"
"SBI","2021-02-01","428","434","418","421","0.00","27025"
"SBI","2021-02-02","428","431","422","428","0.02","56724"
"SBI","2021-02-03","435","437","425","430","0.00","54559"
"SBI","2021-02-04","438","438","422","422","-0.02","41417"
"SBI","2021-02-07","430","430","418","422","0.00","61664"
"SBI","2021-02-08","443","443","420","428","0.01","55943"
"SBI","2021-02-09","436","439","428","429","0.00","36817"
"SBI","2021-02-10","453","453","425","434","0.00","24163"
"SBI","2021-02-11","441","441","428","435","0.00","61977"
"SBI","2021-02-14","440","440","423","430","-0.01","57351"
"SBI","2021-02-15","430","438","428","432","0.00","52494"
"SBI","2021-02-16","453","453","432","435","0.01","119201"
"SBI","2021-02-17","430","465","429","448","0.03","138431"
"SBI","2021-02-18","450","460","447","455","0.02","113213"
"SBI","2021-02-21","455","463","447","450","-0.01","70249"
"SBI","2021-02-22","463","463","436","438","-2.67","46423"
"SBI","2021-02-23","430","442","424","434","-0.91","24941"
"SBI","2021-02-24","455","455","430","436","0.46","26410"
"SBI","2021-02-25","439","439","424","429","0.00","42281"
"SBI","2021-02-28","427","429","419","420","-2.10","76641"
"SBI","2021-03-01","415","425","415","422","0.00","23508"
"SBI","2021-03-02","425","425","413","420","-0.47","37949"
"SBI","2021-03-03","428","428","409","417","-0.71","26690"
"SBI","2021-03-04","420","421","412","419","0.48","26254"
"SBI","2021-03-08","419","420","411","417","-0.48","15500"
"SBI","2021-03-09","418","418","410","411","-1.44","31650"
"SBI","2021-03-10","417","417","408","409","-0.49","10612"
"SBI","2021-03-14","409","411","402","406","-0.73","23240"
"SBI","2021-03-15","403","410","403","405","-0.25","13178"
"SBI","2021-03-16","410","413","401","405","0.00","28245"
"SBI","2021-03-17","413","413","405","406","0.25","12005"
"SBI","2021-03-18","407","413","407","408","0.49","11474"
"SBI","2021-03-21","408","431","408","413","1.23","32122"
"SBI","2021-03-22","421","421","410","410","-0.73","23706"
"SBI","2021-03-23","410","411","407","409","-0.24","18670"
"SBI","2021-03-24","410","414","408","410","0.24","38474"
"SBI","2021-03-25","410","411","408","409","-0.24","31652"
"SBI","2021-03-29","408","410","404","406","-0.73","18220"
"SBI","2021-03-30","406","407","403","406","0.00","21415"
"SBI","2021-03-31","410","423","407","410","0.99","50758"
"SBI","2021-04-01","418","421","411","420","2.44","82973"
"SBI","2021-04-04","424","425","413","422","0.48","31503"
"SBI","2021-04-05","427","427","411","414","-1.90","16410"
"SBI","2021-04-06","414","418","409","412","-0.48","25005"
"SBI","2021-04-07","410","415","410","412","0.00","13159"
"SBI","2021-04-08","420","420","409","413","0.24","20220"
"SBI","2021-04-12","413","414","407","414","0.24","22439"
"SBI","2021-04-13","417","422","412","421","1.69","61001"
"SBI","2021-04-15","425","435","421","432","2.61","75234"
"SBI","2021-04-18","435","435","419","423","-2.08","34253"
"SBI","2021-04-19","418","420","416","419","-0.95","14655"
"SBI","2021-04-20","417","419","415","415","-0.95","31684"
"SBI","2021-04-21","415","416","412","413","-0.48","27381"
"SBI","2021-04-22","413","413","409","410","-0.73","28524"
"SBI","2021-04-25","410","410","405","405","-1.22","23822"
"SBI","2021-04-26","406","406","397","397","-1.98","37147"
"SBI","2021-04-27","399","423","396","404","1.76","21190"
"SBI","2021-04-28","400","401","393","394","-2.48","33638"
"SBI","2021-04-29","395","400","392","397","0.76","18246"
"SBI","2021-05-02","400","400","395","400","0.76","23761"
"SBI","2021-05-03","405","405","396","398","-0.50","21198"
"SBI","2021-05-04","403","403","395","397","-0.25","13737"
"SBI","2021-05-05","393","400","393","395","-0.50","22289"
"SBI","2021-05-06","394","395","392","393","-0.51","26405"
"SBI","2021-05-09","393","401","393","396","0.76","22825"
"SBI","2021-05-10","395","398","395","396","0.00","10973"
"SBI","2021-05-11","396","404","390","395","-0.25","49566"
"SBI","2021-05-12","397","402","393","397","0.51","20675"
"SBI","2021-05-13","396","399","396","397","0.00","22234"
"SBI","2021-05-16","404","404","395","399","0.50","60652"
"SBI","2021-05-17","400","408","398","399","0.00","35962"
"SBI","2021-05-18","400","404","399","401","0.50","44672"
"SBI","2021-05-19","402","416","402","409","2.00","59847"
"SBI","2021-05-20","410","417","408","414","1.22","46047"
"SBI","2021-05-23","412","417","402","417","0.72","43845"
"SBI","2021-05-24","397","437","397","421","0.96","99210"
"SBI","2021-05-25","421","422","410","413","-1.90","35727"
"SBI","2021-05-27","413","417","407","411","-0.48","32951"
"SBI","2021-05-30","412","419","409","410","-0.24","57280"
"SBI","2021-05-31","417","417","408","408","-0.49","64680"
"SBI","2021-06-01","405","410","405","407","-0.25","37019"
"SBI","2021-06-02","410","410","404","408","0.25","58676"
"SBI","2021-06-03","413","419","407","416","1.96","116726"
"SBI","2021-06-06","425","438","424","429","3.12","265933"
"SBI","2021-06-07","435","437","420","422","-1.63","108410"
"SBI","2021-06-08","425","430","420","424","0.47","113779"
"SBI","2021-06-09","430","432","420","421","-0.01","50091"
"SBI","2021-06-10","416","423","409","416","-1.19","54711"
"SBI","2021-06-13","420","420","407","415","-0.24","67430"
"SBI","2021-06-14","415","442","415","433","4.34","268473"
"SBI","2021-06-15","440","445","427","427","-1.39","97663"
"SBI","2021-06-16","427","438","426","431","0.94","125930"
"SBI","2021-06-17","452","452","421","422","-2.09","56526"
"SBI","2021-06-20","422","422","412","415","-1.66","95522"
"SBI","2021-06-21","412","418","406","407","-1.93","57222"
"SBI","2021-06-22","409","421","407","418","2.70","46011"
"SBI","2021-06-23","413","419","408","410","-1.91","41732"
"SBI","2021-06-24","410","413","406","410","0.00","46659"
"SBI","2021-06-27","410","421","404","415","1.22","46675"
"SBI","2021-06-28","420","421","411","413","-0.48","24057"
"SBI","2021-06-29","419","419","410","410","-0.73","28686"
"SBI","2021-06-30","410","414","408","412","0.49","23693"
"SBI","2021-07-01","412","416","410","412","0.00","23639"
"SBI","2021-07-04","408","415","408","411","-0.24","22170"
"SBI","2021-07-05","406","411","406","408","-0.73","15008"
"SBI","2021-07-06","406","412","405","406","-0.49","20296"
"SBI","2021-07-07","414","414","405","405","-0.25","22529"
"SBI","2021-07-08","406","408","403","407","0.49","19634"
"SBI","2021-07-11","414","415","408","413","1.47","29179"
"SBI","2021-07-12","419","419","408","409","-0.97","40285"
"SBI","2021-07-13","406","415","406","412","0.73","16766"
"SBI","2021-07-14","410","412","408","409","-0.73","10492"
"SBI","2021-07-15","409","413","408","409","0.00","35759"
"SBI","2021-07-18","415","430","413","427","4.40","98206"
"SBI","2021-07-19","435.5","440","425.6","427","0.00","68978"
"SBI","2021-07-20","435","435","417","419","-1.87","43575"
"SBI","2021-07-22","424","427","415","424","1.19","103383"
"SBI","2021-07-25","432.4","453.9","426","441","4.01","300429"
"SBI","2021-07-26","449.8","449.8","435.1","438","-0.68","115082"
"SBI","2021-07-27","430","442","423","441.5","0.80","75021"
"SBI","2021-07-28","448","448","435","436.5","-1.13","75545"
"SBI","2021-07-29","428.1","436.5","428.1","430","-1.49","48276"
"SBI","2021-08-01","430","436","426","428","-0.47","67864"
"SBI","2021-08-02","433","434","424","426","-0.47","40086"
"SBI","2021-08-03","426","430","423.5","425","-0.23","35229"
"SBI","2021-08-04","433","434.5","423","425","0.00","39884"
"SBI","2021-08-05","429","430","421","422","-0.71","43891"
"SBI","2021-08-08","425","428","420","425","0.71","54413"
"SBI","2021-08-09","423","425","420","420.9","-0.96","33403"
"SBI","2021-08-10","421","442","420","430","2.16","63944"
"SBI","2021-08-11","430","438","424","425","-1.16","29509"
"SBI","2021-08-12","425","430","423","427","0.47","62765"
"SBI","2021-08-15","430","430","417","425","-0.47","67594"
"SBI","2021-08-16","417","417","407.7","410.5","-3.41","138377"
"SBI","2021-08-17","405","409.9","400","401.1","-2.29","137752"
"SBI","2021-08-18","400","405","397.3","402","0.22","70910"
"SBI","2021-08-19","402","414","400","401","-0.25","46906"
"SBI","2021-08-24","405","405","396","398","-0.75","34748"
"SBI","2021-08-25","397","397","388.6","391.9","-1.53","55489"
"SBI","2021-08-26","399","399","389","393","0.28","33732"
"SBI","2021-08-29","393","393","385","390","-0.76","51282"
"SBI","2021-08-31","390","392","380","386","-1.03","61136"
"SBI","2021-09-01","392","393","380","383","-0.78","46379"
"SBI","2021-09-02","390","390","383.2","386","0.78","28557"
"SBI","2021-09-05","393","393","380.2","384","-0.52","65310"
"SBI","2021-09-06","390","393.9","380.3","390","1.56","33288"
"SBI","2021-09-07","397.8","397.8","378","384.2","-1.49","19487"
"SBI","2021-09-08","391.8","391.8","380","382","-0.57","20761"
"SBI","2021-09-09","389","395","380.6","383","0.26","13400"
"SBI","2021-09-12","383","385","379.1","382","-0.26","29515"
"SBI","2021-09-13","384","389.9","380","381","-0.26","25150"
"SBI","2021-09-14","388","388","378.8","382.5","0.39","24598"
"SBI","2021-09-15","383","383","379.1","380","-0.65","17560"
"SBI","2021-09-16","375.3","377","370","373","-1.84","45463"
"SBI","2021-09-20","373.5","373.5","358.7","360","-3.49","37307"
"SBI","2021-09-21","358","367","351","360","0.00","27219"
"SBI","2021-09-22","367","373","363","371","3.06","14883"
"SBI","2021-09-23","378","380","370","376","1.35","30518"
"SBI","2021-09-26","376","377","366","370","-1.60","12489"
"SBI","2021-09-27","364","365.1","357","365","-1.35","19456"
"SBI","2021-09-28","364.9","364.9","352.1","358","-1.92","13632"
"SBI","2021-09-29","365","365","351.1","357","-0.28","10152"
"SBI","2021-09-30","364","364","352","357","0.00","10612"
"SBI","2021-10-03","352.1","355","350","352","-1.40","11563"
"SBI","2021-10-04","352","355","343","350","-0.57","14862"
"SBI","2021-10-05","343.4","356","343.4","352.2","0.63","5736"
"SBI","2021-10-06","353","356","349","354.8","0.74","21845"
"SBI","2021-10-10","361.8","362","348","352","-0.79","12900"
"SBI","2021-10-11","352","359","352","357","1.42","5502"
"SBI","2021-10-17","357","358","350","357","0.00","6495"
"SBI","2021-10-18","352.5","359","350","350","-1.96","11264"
"SBI","2021-10-19","350","350","331.3","340","-2.86","34314"
"SBI","2021-10-20","346.8","348","340","346.8","2.00","12863"
"SBI","2021-10-21","345","348","341","346.5","-0.09","11114"
"SBI","2021-10-24","346.5","348","342","345.9","-0.17","9776"
"SBI","2021-10-25","350","352.7","340","350","1.19","14799"
"SBI","2021-10-26","354.8","357","347.8","350","0.00","31353"
"SBI","2021-10-27","353","355.9","346","350","0.00","23111"
"SBI","2021-10-28","345","351","345","347","-0.86","18284"
"SBI","2021-10-31","350","355","346","350","0.86","32362"
"SBI","2021-11-01","357","363.2","350","354.9","1.40","38192"
"SBI","2021-11-02","354.9","355","351","353","-0.54","5376"
"SBI","2021-11-03","359.9","365","355","356","0.85","25974"
"SBI","2021-11-08","360","364.6","353.1","359","0.84","24684"
"SBI","2021-11-09","359","362","353.6","359","0.00","42664"
"SBI","2021-11-11","353","355","348.1","348.1","-3.04","26504"
"SBI","2021-11-14","348","362.1","344.1","352","1.12","9700"
"SBI","2021-11-15","355","355","348","354","0.57","6509"
"SBI","2021-11-16","351","360.4","347","360","1.69","23596"
"SBI","2021-11-17","360","360","353.1","356","-1.11","13158"
"SBI","2021-11-18","356","357","350","353.7","-0.65","8715"
"SBI","2021-11-21","352","357","351","352.5","-0.34","8971"
"SBI","2021-11-22","347.5","360","347.5","356.1","1.02","15456"
"SBI","2021-11-23","350","357","350","352.3","-1.07","6271"
"SBI","2021-11-24","346","347.8","334","346","-1.79","80223"
"SBI","2021-11-25","339.1","353","334.1","350","1.16","40078"
"SBI","2021-11-28","343","366","340.2","360","2.86","65928"
"SBI","2021-11-29","352.8","360","352.8","354.1","-1.64","11556"
"SBI","2021-11-30","348","354","344","352","-0.59","17838"
"SBI","2021-12-01","352","365","352","355","0.85","44224"
"SBI","2021-12-02","355","361","351","361","1.69","18857"
"SBI","2021-12-05","360","360","350","351.5","-2.63","48982"
"SBI","2021-12-06","356","356","346","346.5","-1.42","32544"
"SBI","2021-12-07","353","353.4","348","349","0.72","6470"
"SBI","2021-12-08","343.1","354","340","353.9","1.40","32821"
"SBI","2021-12-09","353.9","362","348","360.9","1.98","30846"
"SBI","2021-12-12","359","359","350","353","-2.19","15126"
"SBI","2021-12-13","346","357.3","339.1","351.2","-0.51","28598"
"SBI","2021-12-14","355.2","355.2","345","355","1.08","4047"
"SBI","2021-12-15","355","356","344","354.9","-0.03","7086"
"SBI","2021-12-16","361.9","361.9","349.1","352","-0.82","7553"
"SBI","2021-12-20","350","353","347","351","-0.28","32790"
"SBI","2021-12-21","350","360","347","356.9","1.68","44412"
"SBI","2021-12-22","351.7","358","345","351.5","1.93","19689"
"SBI","2021-12-23","347.1","352","345.1","350","-0.43","16505"
"SBI","2021-12-26","352.8","352.9","348","348.1","-0.54","19411"
"SBI","2021-12-27","348.5","350","345.5","345.5","-0.75","8945"
"SBI","2021-12-28","350","350","345","345.1","-0.12","57399"
"SBI","2021-12-29","345.2","347.5","340.1","345","-0.03","20738"
"SBI","2022-01-02","348","351","345","350","1.45","10664"
"SBI","2022-01-03","352.9","352.9","345.2","350.9","0.26","5247"
"SBI","2022-01-04","347.1","385.9","347","385","9.72","73964"
"SBI","2022-01-05","392","392.7","367.3","373.9","-2.88","34112"
"SBI","2022-01-06","373.9","392","366","391","4.57","58906"
"SBI","2022-01-09","395","398","385","392","0.26","33363"
"SBI","2022-01-10","392","400.8","385","393.9","0.48","91973"
"SBI","2022-01-11","387","392.5","386","386","-2.01","21110"
"SBI","2022-01-12","386","393","380","383","-0.78","41127"
"SBI","2022-01-13","385","385.5","377","383.9","0.23","20126"
"SBI","2022-01-16","383.9","390.5","379","382","-0.49","23332"
"SBI","2022-01-17","389.6","408","387.1","405","6.02","164720"
"SBI","2022-01-18","411.9","418","405","418","3.21","114884"
"SBI","2022-01-19","422","422","402.5","405.9","-2.89","40717"
"SBI","2022-01-20","401","406","398","404","-0.47","41592"
"SBI","2022-01-23","400","411.8","400","408","0.99","72858"
"SBI","2022-01-24","401","405","389","395.9","-2.97","102382"
"SBI","2022-01-25","390","395.9","385","395.9","0.00","13132"
"SBI","2022-01-26","395","399","386","388","-2.00","24181"
"SBI","2022-01-27","385","390","385","388","0.00","16629"
"SBI","2022-01-30","395","402","388.1","398.9","2.81","25771"
"SBI","2022-01-31","398","398","385.2","395","-0.98","16218"
"SBI","2022-02-01","389","400.8","385","397.5","0.63","16084"
"SBI","2022-02-03","400","401","391","398","0.13","41619"
"SBI","2022-02-06","392","394","383.2","394","-1.01","10655"
"SBI","2022-02-07","390.1","393","386.5","388","-1.52","5421"
"SBI","2022-02-08","395.7","403","385","386.9","0.00","20372"
"SBI","2022-02-09","386","388","382.2","383.6","-0.85","14206"
"SBI","2022-02-10","383","387","377","384","0.10","11463"
"SBI","2022-02-13","377.1","380","366.5","373","-2.86","18616"
"SBI","2022-02-14","380","380","368","374","0.27","5889"
"SBI","2022-02-15","371.1","380.4","367","372","-0.53","46769"
"SBI","2022-02-16","379","386.9","373","380","2.15","5838"
"SBI","2022-02-17","380","380","372","374","-1.58","4677"
"SBI","2022-02-20","369.9","370","360","366.9","-1.90","14190"
"SBI","2022-02-21","363","373.3","362","373.3","1.74","10271"
"SBI","2022-02-22","377.9","378","364","368","-1.42","6816"
"SBI","2022-02-23","370","370","361","370","0.54","4929"
"SBI","2022-02-24","362.6","362.6","356","360","-2.70","9716"
"SBI","2022-02-27","360","367.2","352.8","359","-0.28","10963"
"SBI","2022-02-28","357","358","350.1","354","-1.39","5130"
"SBI","2022-03-02","352","354","348","353","-0.28","7801"
"SBI","2022-03-06","350","353","346.1","352","-0.28","4132"
"SBI","2022-03-07","355.1","355.1","348","348.9","-0.88","6704"
"SBI","2022-03-09","345","348","340","342","-1.98","4569"
"SBI","2022-03-10","340","350","340","350","2.34","11456"
"SBI","2022-03-13","346","358.5","345","358","2.29","4992"
"SBI","2022-03-14","354","358.1","351.2","358.1","0.03","5001"
"SBI","2022-03-15","365","365","355","357.5","-0.17","15839"
"SBI","2022-03-16","353.5","360","353","360","0.70","8434"
"SBI","2022-03-20","359","359","352","356","-1.11","3486"
"SBI","2022-03-21","355","364.1","350.1","364.1","2.28","14567"
"SBI","2022-03-22","365","365","356.1","364","-0.03","5222"
"SBI","2022-03-23","362","362","352","355","-2.47","23031"
"SBI","2022-03-24","355","355","351.1","351.2","-1.07","6093"
"SBI","2022-03-27","347.1","354.5","347.1","348","-0.91","20604"
"SBI","2022-03-28","350","350","342","347","-0.29","4282"
"SBI","2022-03-29","347","347.4","343","345.9","-0.32","3806"
"SBI","2022-03-30","342","347","340.5","346","0.03","7493"
"SBI","2022-03-31","348","348","340.1","341","-1.45","16233"
"SBI","2022-04-03","341","343","337.1","342.9","0.56","3883"
"SBI","2022-04-04","338","343","337.3","343","0.03","4491"
"SBI","2022-04-05","337","343.7","335","340","-0.87","13135"
"SBI","2022-04-06","340","343","335","340","0.00","26992"
"SBI","2022-04-07","341","343","337","341.5","0.44","15596"
"SBI","2022-04-11","342","348","332","339.9","-0.47","13494"
"SBI","2022-04-12","335","336","329","330.1","-2.88","14978"
"SBI","2022-04-13","335","348","326.5","348","5.42","13794"
"SBI","2022-04-17","354.9","354.9","332","337","-3.16","2305"
"SBI","2022-04-18","331","336","324","330","-2.08","8304"
"SBI","2022-04-19","330","336","324.1","330","0.00","17107"
"SBI","2022-04-20","323.8","335","323.6","324","-1.82","11890"
"SBI","2022-04-21","330.4","330.4","320","330","1.85","24466"
"SBI","2022-04-24","336","345","330","344","4.24","15928"
"SBI","2022-04-25","341","342.1","331.4","338.5","-1.60","6888"
"SBI","2022-04-26","332.3","342","332.3","339","0.15","10208"
"SBI","2022-04-27","335","335","325","335","-1.18","3464"